-- phpMyAdmin SQL Dump
-- version phpStudy 2014
-- http://www.phpmyadmin.net
--
-- 主机: localhost
-- 生成日期: 2017 年 05 月 21 日 08:34
-- 服务器版本: 5.5.53
-- PHP 版本: 5.4.45

SET SQL_MODE="NO_AUTO_VALUE_ON_ZERO";
SET time_zone = "+00:00";


/*!40101 SET @OLD_CHARACTER_SET_CLIENT=@@CHARACTER_SET_CLIENT */;
/*!40101 SET @OLD_CHARACTER_SET_RESULTS=@@CHARACTER_SET_RESULTS */;
/*!40101 SET @OLD_COLLATION_CONNECTION=@@COLLATION_CONNECTION */;
/*!40101 SET NAMES utf8 */;

--
-- 数据库: `qiqiao`
--

-- --------------------------------------------------------

--
-- 表的结构 `qiq_admin`
--

CREATE TABLE IF NOT EXISTS `qiq_admin` (
  `id` int(10) unsigned NOT NULL AUTO_INCREMENT,
  `real_name` varchar(16) NOT NULL,
  `sex` varchar(1) NOT NULL,
  `age` int(11) NOT NULL,
  `tel` char(11) NOT NULL,
  `id_card` char(18) NOT NULL,
  `mail` varchar(20) NOT NULL,
  `name` varchar(16) NOT NULL,
  `password` varchar(32) NOT NULL,
  `login_time` varchar(20) NOT NULL,
  `last_login_ip` varchar(20) NOT NULL,
  `last_login_time` varchar(30) NOT NULL,
  `status` tinyint(3) NOT NULL,
  `create_time` datetime NOT NULL,
  PRIMARY KEY (`id`)
) ENGINE=MyISAM  DEFAULT CHARSET=utf8 AUTO_INCREMENT=10 ;

--
-- 转存表中的数据 `qiq_admin`
--

INSERT INTO `qiq_admin` (`id`, `real_name`, `sex`, `age`, `tel`, `id_card`, `mail`, `name`, `password`, `login_time`, `last_login_ip`, `last_login_time`, `status`, `create_time`) VALUES
(1, '陈荣辉', '1', 23, '15818334686', '445121199411074739', '928404652@qq.com', 'admin', 'd3fbd0c353bd46801f9fbc3989eb5fd1', '1488128755', '127.0.0.1', '1488127178', 0, '0000-00-00 00:00:00'),
(2, '陈小名', '1', 28, '13715811061', '445121199411074729', 'wsm654321wm@qq.com', 'crh928404652', 'd3fbd0c353bd46801f9fbc3989eb5fd1', '1488127273', '127.0.0.1', '1478755194', 0, '0000-00-00 00:00:00'),
(3, '陈成', '0', 23, '15818334695', '445121199411076528', '928465102@qq.com', 'crh13715811061', 'd3fbd0c353bd46801f9fbc3989eb5fd1', '1478756977', '127.0.0.1', '1478597236', 0, '0000-00-00 00:00:00'),
(4, '陈哦', '0', 24, '1581822653', '445121199411074792', '928735462@qq.com', 'crh6620446', 'd3fbd0c353bd46801f9fbc3989eb5fd1', '1478764874', '127.0.0.1', '1478601775', 0, '0000-00-00 00:00:00'),
(5, '陈英雄', '1', 26, '15818334685', '445121155688632459', '928404652@qq.com', 'admin1', 'e10adc3949ba59abbe56e057f20f883e', '1490341809', '127.0.0.1', '1490341809', 0, '2017-03-24 15:03:09'),
(6, '陈奶水', '0', 24, '1581845698', '445121155633214758', 'wsm54321@qq.com', 'mimimi', 'fd9db6d7cd2d7606133dd91bc9d79c31', '1490341917', '127.0.0.1', '1490341917', 0, '2017-03-24 15:03:57'),
(7, '陈弟弟', '1', 42, '1581475698', '445121199544236841', '928404622@qq.com', 'mmm', 'fd9db6d7cd2d7606133dd91bc9d79c31', '1490343053', '127.0.0.1', '1490343053', 0, '2017-03-24 16:03:53'),
(8, '陈淡定', '1', 16, '15818334625', '44512116658841235x', '928404652@qq.com', 'msdsdfd', 'fd9db6d7cd2d7606133dd91bc9d79c31', '1490343129', '127.0.0.1', '1490343129', 0, '2017-03-24 16:03:09'),
(9, 'zhengfuming', '1', 20, '15818390061', '440882199403286594', '212259183@qq.com', 'root', '63a9f0ea7bb98050796b649e85481845', '1494182426', '127.0.0.1', '1494182426', 0, '2017-05-08 02:05:26');

-- --------------------------------------------------------

--
-- 表的结构 `qiq_app`
--

CREATE TABLE IF NOT EXISTS `qiq_app` (
  `id` int(11) NOT NULL AUTO_INCREMENT,
  `appkey` varchar(100) NOT NULL,
  `secretkey` varchar(100) NOT NULL,
  `video_wm` varchar(200) NOT NULL,
  `token` varchar(100) NOT NULL,
  PRIMARY KEY (`id`)
) ENGINE=MyISAM  DEFAULT CHARSET=utf8 AUTO_INCREMENT=2 ;

--
-- 转存表中的数据 `qiq_app`
--

INSERT INTO `qiq_app` (`id`, `appkey`, `secretkey`, `video_wm`, `token`) VALUES
(1, '23624789', 'ebb6245e37faea90458b91b427d0c2f2', '2017-05-08/20170508145604.png', 'ghfghvhjvhj');

-- --------------------------------------------------------

--
-- 表的结构 `qiq_auth_group`
--

CREATE TABLE IF NOT EXISTS `qiq_auth_group` (
  `id` mediumint(8) unsigned NOT NULL AUTO_INCREMENT,
  `title` char(100) NOT NULL DEFAULT '',
  `status` tinyint(1) NOT NULL DEFAULT '1',
  `rules` char(80) NOT NULL DEFAULT '',
  PRIMARY KEY (`id`)
) ENGINE=MyISAM  DEFAULT CHARSET=utf8 AUTO_INCREMENT=13 ;

--
-- 转存表中的数据 `qiq_auth_group`
--

INSERT INTO `qiq_auth_group` (`id`, `title`, `status`, `rules`) VALUES
(9, '123', 1, '1,2,3,24,6,7,8,9,11,14,16,17,18,22,23,19,21'),
(12, '资讯写作者', 1, '17,18,22'),
(7, '权限者', 1, '1,2,3,24,6,7,8,9,11,14,16,17,18,22,23,19,21');

-- --------------------------------------------------------

--
-- 表的结构 `qiq_auth_group_access`
--

CREATE TABLE IF NOT EXISTS `qiq_auth_group_access` (
  `uid` mediumint(8) unsigned NOT NULL,
  `group_id` mediumint(8) unsigned NOT NULL,
  UNIQUE KEY `uid_group_id` (`uid`,`group_id`),
  KEY `uid` (`uid`),
  KEY `group_id` (`group_id`)
) ENGINE=MyISAM DEFAULT CHARSET=utf8;

--
-- 转存表中的数据 `qiq_auth_group_access`
--

INSERT INTO `qiq_auth_group_access` (`uid`, `group_id`) VALUES
(1, 9),
(2, 7),
(3, 7),
(4, 3),
(5, 7),
(6, 7),
(7, 7),
(8, 7),
(9, 7);

-- --------------------------------------------------------

--
-- 表的结构 `qiq_auth_rule`
--

CREATE TABLE IF NOT EXISTS `qiq_auth_rule` (
  `id` mediumint(8) unsigned NOT NULL AUTO_INCREMENT,
  `name` char(80) NOT NULL DEFAULT '',
  `title` char(20) NOT NULL DEFAULT '',
  `status` tinyint(1) NOT NULL DEFAULT '1',
  `type` char(80) NOT NULL DEFAULT '',
  `condition` char(100) NOT NULL,
  PRIMARY KEY (`id`),
  UNIQUE KEY `name` (`name`)
) ENGINE=MyISAM  DEFAULT CHARSET=utf8 AUTO_INCREMENT=25 ;

--
-- 转存表中的数据 `qiq_auth_rule`
--

INSERT INTO `qiq_auth_rule` (`id`, `name`, `title`, `status`, `type`, `condition`) VALUES
(1, 'Index/log', '日志管理', 1, 'Index', ''),
(2, 'Index/setting', '系统设置', 1, 'Index', ''),
(3, 'Index/database', '数据库操作', 1, 'Index', ''),
(6, 'User/manage', '用户管理', 1, 'User', ''),
(7, 'User/message', '消息管理', 1, 'User', ''),
(8, 'Admin/user', '管理人员', 1, 'Admin', ''),
(9, 'Admin/role', '角色列表', 1, 'Admin', ''),
(11, 'Video/attributes', '视频审核', 1, 'Video', ''),
(24, 'Index/information', '系统信息', 1, 'Index', ''),
(14, 'Video/pass', '视频概况', 1, 'Video', ''),
(23, 'Plan/setting', '策划设置', 1, 'Plan', ''),
(16, 'Video/setting', '视频设置', 1, 'Video', ''),
(17, 'Information/add', '资讯添加', 1, 'Information', ''),
(18, 'Information/manage', '资讯管理', 1, 'Information', ''),
(19, 'Plan/planmanage', '策划管理', 1, 'Plan', ''),
(22, 'Information/setting', '资讯设置', 1, 'Information', ''),
(21, 'Plan/titlemanage', '称号管理', 1, 'Plan', '');

-- --------------------------------------------------------

--
-- 表的结构 `qiq_block`
--

CREATE TABLE IF NOT EXISTS `qiq_block` (
  `id` int(10) NOT NULL AUTO_INCREMENT,
  `blockname` varchar(50) NOT NULL,
  PRIMARY KEY (`id`)
) ENGINE=MyISAM  DEFAULT CHARSET=utf8 ROW_FORMAT=COMPACT AUTO_INCREMENT=8 ;

--
-- 转存表中的数据 `qiq_block`
--

INSERT INTO `qiq_block` (`id`, `blockname`) VALUES
(1, '内地'),
(2, '港台'),
(3, '海外'),
(4, '权威人士专访'),
(7, '欧美');

-- --------------------------------------------------------

--
-- 表的结构 `qiq_collection`
--

CREATE TABLE IF NOT EXISTS `qiq_collection` (
  `cid` int(11) NOT NULL AUTO_INCREMENT COMMENT '主键',
  `Uid` int(11) NOT NULL COMMENT '用户id',
  `Pid` int(11) NOT NULL COMMENT '孵化项目id',
  `Vid` int(11) NOT NULL COMMENT '视频id',
  PRIMARY KEY (`cid`)
) ENGINE=MyISAM  DEFAULT CHARSET=utf8mb4 COLLATE=utf8mb4_unicode_ci AUTO_INCREMENT=62 ;

--
-- 转存表中的数据 `qiq_collection`
--

INSERT INTO `qiq_collection` (`cid`, `Uid`, `Pid`, `Vid`) VALUES
(1, 37, 22, 0),
(61, 37, 0, 11),
(38, 65, 22, 0),
(37, 65, 0, 24),
(15, 61, 25, 0),
(16, 64, 25, 0),
(33, 61, 0, 25),
(17, 64, 24, 0),
(18, 64, 29, 0),
(36, 61, 0, 24),
(39, 35, 0, 30),
(41, 35, 0, 39),
(42, 35, 32, 0),
(44, 35, 22, 0),
(45, 37, 33, 0),
(49, 35, 30, 0),
(48, 37, 31, 0),
(60, 67, 0, 13),
(52, 39, 39, 0),
(53, 57, 0, 6),
(56, 37, 0, 12),
(55, 37, 39, 0);

-- --------------------------------------------------------

--
-- 表的结构 `qiq_comment`
--

CREATE TABLE IF NOT EXISTS `qiq_comment` (
  `id` int(11) NOT NULL AUTO_INCREMENT COMMENT 'ID',
  `pid` int(11) NOT NULL COMMENT '上一级评论id',
  `Uid` int(11) NOT NULL COMMENT '用户id',
  `Nid` int(11) NOT NULL COMMENT '资讯id',
  `Vid` int(11) NOT NULL COMMENT '视频id',
  `com_content` varchar(100) COLLATE utf8mb4_unicode_ci NOT NULL COMMENT '评论内容',
  `com_time` datetime NOT NULL COMMENT '评论时间',
  PRIMARY KEY (`id`)
) ENGINE=MyISAM  DEFAULT CHARSET=utf8mb4 COLLATE=utf8mb4_unicode_ci COMMENT='评论表' AUTO_INCREMENT=64 ;

--
-- 转存表中的数据 `qiq_comment`
--

INSERT INTO `qiq_comment` (`id`, `pid`, `Uid`, `Nid`, `Vid`, `com_content`, `com_time`) VALUES
(43, 42, 61, 0, 30, '怎么了你啊', '2017-05-07 15:08:06'),
(44, 43, 61, 0, 30, '真是傻瓜', '2017-05-07 15:08:18'),
(27, 26, 65, 27, 0, '22222', '2017-05-07 11:45:53'),
(26, 0, 65, 27, 0, '1111111', '2017-05-07 11:45:49'),
(55, 0, 67, 0, 13, '45325', '2017-05-09 12:49:19'),
(50, 49, 35, 0, 31, '11111', '2017-05-07 22:40:19'),
(56, 0, 37, 0, 12, '评论', '2017-05-09 17:24:57'),
(52, 0, 35, 0, 31, '1111111', '2017-05-07 22:40:26'),
(54, 0, 57, 0, 5, '好好好', '2017-05-08 21:18:19'),
(57, 0, 37, 17, 0, '234234', '2017-05-09 18:59:41'),
(58, 0, 37, 0, 12, '综艺资讯', '2017-05-09 19:00:21'),
(59, 58, 37, 0, 12, '123456', '2017-05-09 19:00:28'),
(60, 0, 67, 12, 0, '234234', '2017-05-09 19:25:38'),
(61, 0, 67, 0, 6, '456789', '2017-05-09 19:25:57'),
(62, 0, 67, 12, 0, '好好好', '2017-05-09 21:07:35');

-- --------------------------------------------------------

--
-- 表的结构 `qiq_information`
--

CREATE TABLE IF NOT EXISTS `qiq_information` (
  `id` int(11) NOT NULL AUTO_INCREMENT COMMENT '主键',
  `news_title` varchar(50) COLLATE utf8mb4_unicode_ci NOT NULL COMMENT '资讯标题',
  `news_summary` varchar(300) COLLATE utf8mb4_unicode_ci NOT NULL COMMENT '资讯简介',
  `news_content` text COLLATE utf8mb4_unicode_ci NOT NULL COMMENT '资讯内容',
  `news_time` varchar(30) COLLATE utf8mb4_unicode_ci NOT NULL COMMENT '发布时间',
  `news_type` varchar(10) COLLATE utf8mb4_unicode_ci NOT NULL COMMENT '资讯类型',
  `author` varchar(10) COLLATE utf8mb4_unicode_ci NOT NULL COMMENT '责任编辑',
  `news_visit` int(11) NOT NULL DEFAULT '0' COMMENT '浏览量',
  `news_source` varchar(100) COLLATE utf8mb4_unicode_ci NOT NULL COMMENT '资讯来源',
  `is_send` int(1) NOT NULL DEFAULT '0',
  `news_keywords` varchar(200) COLLATE utf8mb4_unicode_ci NOT NULL,
  `blockid` int(1) NOT NULL,
  `news_img` varchar(200) COLLATE utf8mb4_unicode_ci NOT NULL,
  PRIMARY KEY (`id`)
) ENGINE=MyISAM  DEFAULT CHARSET=utf8mb4 COLLATE=utf8mb4_unicode_ci AUTO_INCREMENT=20 ;

--
-- 转存表中的数据 `qiq_information`
--

INSERT INTO `qiq_information` (`id`, `news_title`, `news_summary`, `news_content`, `news_time`, `news_type`, `author`, `news_visit`, `news_source`, `is_send`, `news_keywords`, `blockid`, `news_img`) VALUES
(1, '南派三叔奇思凝传统智慧 打造“国粹综艺”', '七巧网综艺资讯5月7日报道 2017年3月29日，一张吴亦凡、陈伟霆、任达华、吴磊、大张伟、王小利制服劲装照引爆网络，引发网友热议，自此一档名为《七十二层奇楼》的综艺以黑马之姿杀入观众视线，并高高的吊起所有人的胃口。这是一档什么样的节目？这档综艺...', '&lt;p&gt;&lt;img src=&quot;/ueditor/php/upload/image/20170508/1494174936117945.jpeg&quot; title=&quot;1494174936117945.jpeg&quot;/&gt;&lt;/p&gt;&lt;p&gt;&lt;img src=&quot;/ueditor/php/upload/image/20170508/1494174940644056.jpeg&quot; title=&quot;1494174940644056.jpeg&quot;/&gt;&lt;/p&gt;&lt;p style=&quot;margin-top: 32px; margin-bottom: 0px; padding: 0px; font-size: 18px; text-indent: 2em; font-stretch: normal; line-height: 32px; font-family: &amp;#39;Microsoft Yahei&amp;#39;; color: rgb(64, 64, 64); orphans: 2; text-align: justify; white-space: normal; widows: 2; background-color: rgb(255, 255, 255);&quot;&gt;&lt;strong&gt;网易娱乐5月7日报道&lt;/strong&gt;&amp;nbsp;2017年3月29日，一张吴亦凡、陈伟霆、任达华、吴磊、大张伟、王小利制服劲装照引爆网络，引发网友热议，自此一档名为《七十二层奇楼》的综艺以黑马之姿杀入观众视线，并高高的吊起所有人的胃口。&lt;/p&gt;&lt;p style=&quot;margin-top: 32px; margin-bottom: 0px; padding: 0px; font-size: 18px; text-indent: 2em; font-stretch: normal; line-height: 32px; font-family: &amp;#39;Microsoft Yahei&amp;#39;; color: rgb(64, 64, 64); orphans: 2; text-align: justify; white-space: normal; widows: 2; background-color: rgb(255, 255, 255);&quot;&gt;这是一档什么样的节目？这档综艺为什么能吸引如此多当红明星偶像？谁又是节目的“幕后BOSS”？上周五晚，《七十二层奇楼》终于在千呼万唤中在湖南卫视揭开了神秘面纱。&lt;/p&gt;&lt;p style=&quot;margin-top: 32px; margin-bottom: 0px; padding: 0px; font-size: 18px; text-indent: 2em; font-stretch: normal; line-height: 32px; font-family: &amp;#39;Microsoft Yahei&amp;#39;; color: rgb(64, 64, 64); orphans: 2; text-align: justify; white-space: normal; widows: 2; background-color: rgb(255, 255, 255);&quot;&gt;&lt;strong&gt;奇思妙想：南派三叔坐镇&amp;nbsp; “奇楼”与“妙想”激烈碰撞&amp;nbsp;&lt;/strong&gt;&lt;/p&gt;&lt;p style=&quot;margin-top: 32px; margin-bottom: 0px; padding: 0px; font-size: 18px; text-indent: 2em; font-stretch: normal; line-height: 32px; font-family: &amp;#39;Microsoft Yahei&amp;#39;; color: rgb(64, 64, 64); orphans: 2; text-align: justify; white-space: normal; widows: 2; background-color: rgb(255, 255, 255);&quot;&gt;如果有观众迫不及待，可能早已经查询得知了《七十二层奇楼》是由湖南卫视携手盛唐时空制作、南派三叔担任总编剧的一档原创文化探秘节目。&lt;/p&gt;&lt;p style=&quot;margin-top: 32px; margin-bottom: 0px; padding: 0px; font-size: 18px; text-indent: 2em; font-stretch: normal; line-height: 32px; font-family: &amp;#39;Microsoft Yahei&amp;#39;; color: rgb(64, 64, 64); orphans: 2; text-align: justify; white-space: normal; widows: 2; background-color: rgb(255, 255, 255);&quot;&gt;众所周知，南派三叔是打造探险题材的行家里手，在他的著作和他打造的影视剧中，均是奇思妙想层出不穷，鸿篇巨制《盗墓笔记》、《沙海》等作品里的奇伟诡谲充分证明三叔的脑洞之“奇”。&lt;/p&gt;&lt;p style=&quot;margin-top: 32px; margin-bottom: 0px; padding: 0px; font-size: 18px; text-indent: 2em; font-stretch: normal; line-height: 32px; font-family: &amp;#39;Microsoft Yahei&amp;#39;; color: rgb(64, 64, 64); orphans: 2; text-align: justify; white-space: normal; widows: 2; background-color: rgb(255, 255, 255);&quot;&gt;而当这样的“奇”撞见《七十二层奇楼》，效果更加妙不可言。据三叔表示“七十二层奇楼”的概念正是来源于中国传统文化对于数字的精巧运用：“七十二这个数字念起来很顺畅很愉悦，包括像很多星宿，古代的数字，都跟七十二相关。”而他在本人的微博上也阐述了《七十二层奇楼》的奇幻背景“自公元67年起每隔一个朝代都会建立一层楼，且会随着时间的推移沉落地下，至今已经72层”。那么在这座沉淀千年历史，又浸润在三叔幻想中的“奇楼”里，既有未知悬疑的迷宫幻境，又有诸如满墙眼睛的奇诡机关，更有九大行星迷阵和充满神秘色彩的小人国……难怪不少观众在观看节目时称自己看得“欲罢不能”了！&lt;/p&gt;&lt;p style=&quot;margin-top: 32px; margin-bottom: 0px; padding: 0px; font-size: 18px; text-indent: 2em; font-stretch: normal; line-height: 32px; font-family: &amp;#39;Microsoft Yahei&amp;#39;; color: rgb(64, 64, 64); orphans: 2; text-align: justify; white-space: normal; widows: 2; background-color: rgb(255, 255, 255);&quot;&gt;&lt;strong&gt;奇趣横生：优质偶像加盟，特色相映成趣&amp;nbsp;&amp;nbsp;&amp;nbsp;&amp;nbsp;&amp;nbsp;&amp;nbsp;&amp;nbsp;&amp;nbsp;&amp;nbsp;&amp;nbsp;&amp;nbsp;&amp;nbsp;&amp;nbsp;&amp;nbsp;&amp;nbsp;&amp;nbsp;&amp;nbsp;&amp;nbsp;&amp;nbsp;&amp;nbsp;&amp;nbsp;&amp;nbsp;&amp;nbsp;&amp;nbsp;&amp;nbsp;&amp;nbsp;&amp;nbsp;&amp;nbsp;&amp;nbsp;&amp;nbsp;&amp;nbsp;&amp;nbsp;&amp;nbsp;&amp;nbsp;&amp;nbsp; &amp;nbsp;&lt;/strong&gt;&lt;/p&gt;&lt;p style=&quot;margin-top: 32px; margin-bottom: 0px; padding: 0px; font-size: 18px; text-indent: 2em; font-stretch: normal; line-height: 32px; font-family: &amp;#39;Microsoft Yahei&amp;#39;; color: rgb(64, 64, 64); orphans: 2; text-align: justify; white-space: normal; widows: 2; background-color: rgb(255, 255, 255);&quot;&gt;首期节目中，吴亦凡、陈伟霆、吴磊等明星第一次进入奇楼，但等待他们的不仅有“奇楼”里的重重机关，更有奇楼外“板凳村”奇遇。明星嘉宾们不仅要习得十八般武艺来面对三叔时时处处的“刁难”，还要文武兼修，勇闯出充满古诗词、天文地理物理常识的“奇楼”。&lt;/p&gt;&lt;p style=&quot;margin-top: 32px; margin-bottom: 0px; padding: 0px; font-size: 18px; text-indent: 2em; font-stretch: normal; line-height: 32px; font-family: &amp;#39;Microsoft Yahei&amp;#39;; color: rgb(64, 64, 64); orphans: 2; text-align: justify; white-space: normal; widows: 2; background-color: rgb(255, 255, 255);&quot;&gt;日前在《七十二层奇楼》的发布会上，明星们就纷纷吐槽南派三叔其实是挖了“七十二层天坑”，但想不到节目中的他们虽然被“坑”却玩的十分起劲，放飞自我。如在团队中担当“脑力担当”的吴亦凡，竟然可以用足距丈量按比例还原后的九大行星位置，令人瞠目结舌；首涉足综艺的任达华也能凭借粤式鸡汤圈粉无数；人见人爱的大张伟，在节目中拥鸡抱鸭欢乐多；接地气的王小利，总能把探秘大片一秒拉回到《乡村爱情》；“五好少年”吴磊虽然年纪最小，做任务却最为卖力，和板凳村的村民对歌《刘海砍樵》时，一声“服大姐！”笑翻众人；而全新的面孔刘畅、娃尔虽然镜头不多，但也让人印象深刻。陈伟霆作为首期特约嘉宾惊喜亮相，自带张大佛爷气场，大展腰力协助制服探秘团一路过关斩将。纯男探秘团的首次出发已经让观众惊喜不已，而随后加入组织的赵丽颖更令人期待。&lt;/p&gt;&lt;p style=&quot;margin-top: 32px; margin-bottom: 0px; padding: 0px; font-size: 18px; text-indent: 2em; font-stretch: normal; line-height: 32px; font-family: &amp;#39;Microsoft Yahei&amp;#39;; color: rgb(64, 64, 64); orphans: 2; text-align: justify; white-space: normal; widows: 2; background-color: rgb(255, 255, 255);&quot;&gt;这个充满文化想象力的全新综艺，在遇到优质偶像之后，让每个人的形象都如此的别具一格。这是见惯明星光鲜亮丽、劲歌热舞一面的观众们之前绝对想不到的，但却正是这一幕才能让人跟着最真实的偶像一起感受传统文化的力量所在。&lt;/p&gt;&lt;p style=&quot;margin-top: 32px; margin-bottom: 0px; padding: 0px; font-size: 18px; text-indent: 2em; font-stretch: normal; line-height: 32px; font-family: &amp;#39;Microsoft Yahei&amp;#39;; color: rgb(64, 64, 64); orphans: 2; text-align: justify; white-space: normal; widows: 2; background-color: rgb(255, 255, 255);&quot;&gt;&lt;strong&gt;出奇制胜：纯原创不套路，综艺市场细分后出“奇”才能制胜&lt;/strong&gt;&lt;/p&gt;&lt;p style=&quot;margin-top: 32px; margin-bottom: 0px; padding: 0px; font-size: 18px; text-indent: 2em; font-stretch: normal; line-height: 32px; font-family: &amp;#39;Microsoft Yahei&amp;#39;; color: rgb(64, 64, 64); orphans: 2; text-align: justify; white-space: normal; widows: 2; background-color: rgb(255, 255, 255);&quot;&gt;如今的综艺市场早已不是“一招鲜，吃遍天”的世界。因此在文化类节目势头渐起的今天，想要做出差异化，就必须拿出出奇制胜的法宝。对此，《七十二层奇楼》展示的是硬件方面采用“实景+虚景”的拍摄方法来打造视效奇观、创作理念则是用“文化+探秘”唤醒大众对于传统文化的好奇和关注，以此来为观众所呈现出一个崭新的奇幻世界。&lt;/p&gt;&lt;p style=&quot;margin-top: 32px; margin-bottom: 0px; padding: 0px; font-size: 18px; text-indent: 2em; font-stretch: normal; line-height: 32px; font-family: &amp;#39;Microsoft Yahei&amp;#39;; color: rgb(64, 64, 64); orphans: 2; text-align: justify; white-space: normal; widows: 2; background-color: rgb(255, 255, 255);&quot;&gt;作为一档纯原创的文化类综艺节目，《七十二层奇楼》在某种程度上摆脱了文化原有的端庄和高雅。相反，它将文化打散重组，利用明星们在节目中的所见所闻所思所想首次完成了文化元素对于观众的感官冲击。如在张家界的青山绿水和朴实的小村庄中，众多明星在小巷中行走，与村民交流间掌握了当地方言，学习起民间小调，与当地村民共同舞起壮观的非物质文化遗产“板凳龙”，在欢乐中感受中华文化的独特魅力和人民群众的智慧。也许这就是《七十二层奇楼》存在的最大意义，传递润物细无声的文化体验和满满的正能量。&lt;/p&gt;&lt;p style=&quot;margin-top: 32px; margin-bottom: 0px; padding: 0px; font-size: 18px; text-indent: 2em; font-stretch: normal; line-height: 32px; font-family: &amp;#39;Microsoft Yahei&amp;#39;; color: rgb(64, 64, 64); orphans: 2; text-align: justify; white-space: normal; widows: 2; background-color: rgb(255, 255, 255);&quot;&gt;&lt;br/&gt;&lt;/p&gt;&lt;p style=&quot;margin-top: 32px; margin-bottom: 0px; padding: 0px; font-size: 18px; text-indent: 2em; font-stretch: normal; line-height: 32px; font-family: &amp;#39;Microsoft Yahei&amp;#39;; color: rgb(64, 64, 64); orphans: 2; text-align: justify; white-space: normal; widows: 2; background-color: rgb(255, 255, 255);&quot;&gt;著名诗人艾青曾经写到：“为什么我的眼里常含泪水？因为我对这土地爱得深沉。”年轻一辈的偶像们在《七十二层奇楼》用自己的实际行动，探秘山川湖海，大城小村，践行着对每一片土地的热爱，这着实令人感动。&lt;/p&gt;&lt;p style=&quot;margin-top: 32px; margin-bottom: 0px; padding: 0px; font-size: 18px; text-indent: 2em; font-stretch: normal; line-height: 32px; font-family: &amp;#39;Microsoft Yahei&amp;#39;; color: rgb(64, 64, 64); orphans: 2; text-align: justify; white-space: normal; widows: 2; background-color: rgb(255, 255, 255);&quot;&gt;相信很多人之所以喜欢南派三叔，是因为他所构造出的世界充满了神秘的魅力。而这次，《七十二层奇楼》再次带明星与观众一起穿梭于原创的中国式奇观奇景中。一虚一实，以密致秘，在探索未知前路的同时酣畅淋漓的感受充满了奇幻色彩和文化元素的“奇楼”奇观。有人说生命就是一场旅行，那么何不就趁这次说走就走，开启一段第二人生，登上这座充满“中国气质”的《七十二层奇楼》呢？&lt;/p&gt;&lt;p&gt;&lt;br/&gt;&lt;/p&gt;', '1494174962', '', '七巧综艺', 0, '网易', 1, '南派三叔|国粹|七十二层奇楼|', 1, '2017-05-08/20170508003602.png'),
(2, '都市青春剧《欢乐颂》推出第二季', '七巧网综艺资讯5月4日，《欢乐颂》第二季剧组部分主创在沪亮相。当日，都市青春剧《欢乐颂》在上海宣布推出第二季。', '&lt;p&gt;&lt;img src=&quot;/ueditor/php/upload/image/20170508/1494175231287366.jpg&quot; title=&quot;1494175231287366.jpg&quot;/&gt;&lt;/p&gt;&lt;p&gt;&lt;img src=&quot;/ueditor/php/upload/image/20170508/1494175234607608.jpg&quot; title=&quot;1494175234607608.jpg&quot;/&gt;&lt;/p&gt;&lt;p&gt;&lt;span style=&quot;color: rgb(51, 51, 51); font-family: Arial, 宋体; font-variant-ligatures: normal; orphans: 2; widows: 2; background-color: rgb(255, 255, 255);&quot;&gt;5月4日，《欢乐颂》第二季剧组部分主创在沪亮相。当日，都市青春剧《欢乐颂》在上海宣布推出第二季。据了解，《欢乐颂》第二季由简川訸、张开宙导演，袁子弹编剧，刘涛、蒋欣、王子文等主演。自5月11日起，将在上海东方卫视及网络平台同步播出。新华社记者 任珑 摄&lt;/span&gt;&lt;/p&gt;', '1494175247', '', '七巧综艺', 1, '央视综艺', 1, '都市剧|欢乐颂|刘涛|', 1, '2017-05-08/20170508004046.gif'),
(3, '江疏影 “省”字当道', '新一期节目中花少团正式开启冒险之旅，江疏影誓与娜扎将比美进行到底争夺团队时尚担当。', '&lt;p&gt;&lt;img src=&quot;/ueditor/php/upload/image/20170508/1494175460133032.jpg&quot; title=&quot;1494175460133032.jpg&quot;/&gt;&lt;/p&gt;&lt;p&gt;&lt;img src=&quot;/ueditor/php/upload/image/20170508/1494175460119494.jpg&quot; title=&quot;1494175460119494.jpg&quot;/&gt;&lt;/p&gt;&lt;p style=&quot;margin-top: 0px; margin-bottom: 28px; padding: 0px; font-stretch: normal; line-height: 1.75em; font-family: Arial, 宋体; color: rgb(51, 51, 51); orphans: 2; white-space: normal; widows: 2; background-color: rgb(255, 255, 255);&quot;&gt;　4月30日晚，《花儿与少年3·冒险记》在湖南卫视播出。新一期节目中花少团正式开启冒险之旅，江疏影誓与娜扎将比美进行到底争夺团队时尚担当。她是首掌财政大权将“不行”进行到底的 “会计江”，也是摘掉包袱自黑不断的开心果“酱”。&lt;/p&gt;&lt;p style=&quot;margin-top: 0px; margin-bottom: 28px; padding: 0px; font-stretch: normal; line-height: 1.75em; font-family: Arial, 宋体; color: rgb(51, 51, 51); orphans: 2; white-space: normal; widows: 2; background-color: rgb(255, 255, 255);&quot;&gt;　　《花少3》第二期播出后收视持续高位，成为当晚收视最高的综艺节目。节目中，江疏影与娜扎的花式比美让人忍俊不禁，“江疏影娜扎互怼”也登上微博实时热搜榜第一，江疏影的“今天娜扎穿什么？”已经成为了二人独特的问候方式。节目中被网友戏称“炸酱CP”的她们抢衣服、比穿搭，吐槽升级，堪称“互怼姐妹花”。本期节目继英语能力后，经济学硕士江疏影再次解锁管账新技能，“会计江”正式上线首担重任把控财政大权，全程贯彻“只要花钱什么都不行”的财政方针。旅行才刚刚开始，在江疏影的“不行”原则下，花少团就已形成七人两菜点餐模式。责任感永不掉线的“财政大臣”江疏影在海边畅玩时也不忘时刻提醒众人时间和租金问题，事关花钱，决不妥协。节目进行到第二期，花少团终于迎来了巴西狂欢节桑巴舞的挑战，当江疏影摘下“会计”头衔，严格的大管家又秒变无包袱的开心果“酱”， “尬舞”、凹造型，在自黑的路上越走越远，有江疏影的地方就有欢笑，冲淡了大家面对巴西狂欢节的紧张情绪，江疏影不仅是团队的颜值担当，更是最强团队粘合剂。&lt;/p&gt;&lt;p style=&quot;margin-top: 0px; margin-bottom: 28px; padding: 0px; font-stretch: normal; line-height: 1.75em; font-family: Arial, 宋体; color: rgb(51, 51, 51); orphans: 2; white-space: normal; widows: 2; background-color: rgb(255, 255, 255);&quot;&gt;　　《花儿与少年3·冒险季》即将迎来巴西狂欢节的全球直播，真正的冒险才刚刚到来，在严峻的挑战下，双面江疏影又会带给我们怎样的惊喜？精彩待续，敬请期待。&lt;/p&gt;&lt;p&gt;&lt;br/&gt;&lt;/p&gt;', '1494175470', '', '七巧综艺', 3, '央视综艺', 1, '江疏影|花儿与少年|', 1, '2017-05-08/20170508004430.jpg'),
(4, '“喜剧导师”笑谈种种毁誉', '郭德纲的好眼力在圈中出了名，澳洲商演时盘下维多利亚州的薰衣草籽，郭氏出品的“薰衣草小熊”随即经众星推荐风靡全国；今年开春的“疯狂喜剧季”中，他又与谢娜、英达联手，在全国20多档喜剧节目中“大破天门阵”—其挂帅的湖北卫视《我为喜剧狂》多次力克《百变大咖秀》等劲敌，开播以来一直稳居收视首位', '&lt;p&gt;&lt;span style=&quot;color: rgb(89, 89, 89); font-family: 宋体, Arial, Helvetica, sans-serif; font-size: 14px; font-variant-ligatures: normal; orphans: 2; text-indent: 28px; widows: 2; background-color: rgb(255, 255, 255);&quot;&gt;郭德纲的好眼力在圈中出了名，澳洲商演时盘下维多利亚州的薰衣草籽，郭氏出品的“薰衣草小熊”随即经众星推荐风靡全国；今年开春的“疯狂喜剧季”中，他又与谢娜、英达联手，在全国20多档喜剧节目中“大破天门阵”—其挂帅的湖北卫视《我为喜剧狂》多次力克《百变大咖秀》等劲敌，开播以来一直稳居收视首位，被称是“喜剧元年”里的中国最好喜剧。随着节目持续走红，导师老郭又被观众疯狂消费了一把—节目中展现的“暖男”属性遭质疑，与林志颖的“年龄梗”亦被旧事重提，面对种种毁誉，老郭付之呵呵一笑，“装文装武我自己，人生原本是戏。威风凛凛你快去，有钱难买乐意。”&lt;/span&gt;&lt;/p&gt;&lt;p&gt;&lt;span style=&quot;color: rgb(89, 89, 89); font-family: 宋体, Arial, Helvetica, sans-serif; font-size: 14px; font-variant-ligatures: normal; orphans: 2; text-indent: 28px; widows: 2; background-color: rgb(255, 255, 255);&quot;&gt;&lt;img src=&quot;/ueditor/php/upload/image/20170508/1494175687103685.jpg&quot; title=&quot;1494175687103685.jpg&quot; alt=&quot;P635306659231303698.jpg&quot;/&gt;&lt;/span&gt;&lt;/p&gt;&lt;p style=&quot;margin-top: 1em; margin-bottom: 1em; padding: 0px; text-indent: 2em; color: rgb(89, 89, 89); font-family: 宋体, Arial, Helvetica, sans-serif; font-size: 14px; font-variant-ligatures: normal; orphans: 2; white-space: normal; widows: 2; background-color: rgb(255, 255, 255);&quot;&gt;&lt;strong&gt;&lt;span style=&quot;color: rgb(0, 128, 128);&quot;&gt;老派人的修身之道 “天下的事就是个乐”&lt;/span&gt;&lt;/strong&gt;&lt;/p&gt;&lt;p style=&quot;margin-top: 1em; margin-bottom: 1em; padding: 0px; text-indent: 2em; color: rgb(89, 89, 89); font-family: 宋体, Arial, Helvetica, sans-serif; font-size: 14px; font-variant-ligatures: normal; orphans: 2; white-space: normal; widows: 2; background-color: rgb(255, 255, 255);&quot;&gt;“有一年跟那谁打起来……现在回头想不是疯了嘛，一年生气着急两回都过不去，天下的事就是个乐。”平日里喜用九蒸九晒芝麻丸儿佐黄酒的郭德纲，如今越发云淡风轻。&lt;/p&gt;&lt;p style=&quot;margin-top: 1em; margin-bottom: 1em; padding: 0px; text-indent: 2em; color: rgb(89, 89, 89); font-family: 宋体, Arial, Helvetica, sans-serif; font-size: 14px; font-variant-ligatures: normal; orphans: 2; white-space: normal; widows: 2; background-color: rgb(255, 255, 255);&quot;&gt;身为喜剧导师，笑点颇高的老郭与英达“叫兽”有得一拼，往往一个选手上台，身边的谢娜早已笑到捶桌，此二人却始终如“老僧入定”般面无表情。闻此老郭呵呵一笑，“她善良，无知少女都这样，我们这种岁数的中年男子就差远了。”&lt;/p&gt;&lt;p style=&quot;margin-top: 1em; margin-bottom: 1em; padding: 0px; text-indent: 2em; color: rgb(89, 89, 89); font-family: 宋体, Arial, Helvetica, sans-serif; font-size: 14px; font-variant-ligatures: normal; orphans: 2; white-space: normal; widows: 2; background-color: rgb(255, 255, 255);&quot;&gt;又或许是人到中年，眼窝儿浅，不容易被逗乐的郭导师却极易为选手一番肺腑陈词所动容，做出种种贴心之举—与哈尔滨的“胖钢丝”深情相拥，听完“京漂”服务员廖娟拍摄微电影的梦想后，立即举手要求客串……这种温情中不乏真性情的“暖男”属性也令不少网友感到诧异，这还是我们认识的那个郭德纲吗？&lt;/p&gt;&lt;p style=&quot;margin-top: 1em; margin-bottom: 1em; padding: 0px; text-indent: 2em; color: rgb(89, 89, 89); font-family: 宋体, Arial, Helvetica, sans-serif; font-size: 14px; font-variant-ligatures: normal; orphans: 2; white-space: normal; widows: 2; background-color: rgb(255, 255, 255);&quot;&gt;“我这个人是属于看起来挺凶恶那种，像土匪似的，但实际上很软弱，”老郭再度呵呵一笑，揭开了谜团，“岁数越大，被感动越容易，有时还得强压一下，顾及形象和节目气氛，不能哭得跟泪人一样。”但“暖男”或“毒舌”都不是本性全部—“我就是我，可能某天看到一个报道，郭德纲打人了，你脑子就想象一个画面，印象很深，但你真正认识我以后，就会发现郭德纲是怎样一个人。”&lt;/p&gt;&lt;p style=&quot;margin-top: 1em; margin-bottom: 1em; padding: 0px; text-indent: 2em; color: rgb(89, 89, 89); font-family: 宋体, Arial, Helvetica, sans-serif; font-size: 14px; font-variant-ligatures: normal; orphans: 2; white-space: normal; widows: 2; background-color: rgb(255, 255, 255);&quot;&gt;郭德纲与林志颖之间的“年龄梗”也一直是网友津津乐道的话题及恶搞对象，谢娜曾在节目中对老郭大唱，“爸比，你会唱小星星吗？”与小志颇有私交的他频频遭受“非人道”的调侃，会否与“冻龄男神”心生芥蒂？“这就是玩笑话，就因为这个生气了，那就别干这个了。”老郭的表情依旧乐呵，表示与小志私底下没怎么聊过这一话题，“再说了，干这行，拿人钱了不乐意，疼都得忍着。我打18岁就长成这样，小孩儿玩的时候，人家都像小孩就我像家长，但越往后咱越值钱，我这个心态非常好。”自封“老派人”的他还在微博中写道，“查郭氏家谱，长寿人居多，祖母寿享九十八，秘诀就是心宽。我继承了老人家的遗传，天大的事，到头了也就是个呵呵。”&lt;/p&gt;&lt;p style=&quot;margin-top: 1em; margin-bottom: 1em; padding: 0px; text-indent: 2em; color: rgb(89, 89, 89); font-family: 宋体, Arial, Helvetica, sans-serif; font-size: 14px; font-variant-ligatures: normal; orphans: 2; white-space: normal; widows: 2; background-color: rgb(255, 255, 255);&quot;&gt;&lt;strong&gt;&lt;span style=&quot;color: rgb(0, 128, 128);&quot;&gt;手艺人的齐家与传艺 “郭麒麟一辈子不红我也挺开心的”&lt;/span&gt;&lt;/strong&gt;&lt;/p&gt;&lt;p style=&quot;margin-top: 1em; margin-bottom: 1em; padding: 0px; text-indent: 2em; color: rgb(89, 89, 89); font-family: 宋体, Arial, Helvetica, sans-serif; font-size: 14px; font-variant-ligatures: normal; orphans: 2; white-space: normal; widows: 2; background-color: rgb(255, 255, 255);&quot;&gt;郭家有子初长成。老郭家的大公子郭奇林（艺名郭麒麟），年方十八，已接父亲衣钵走上相声之路。而如今电视荧屏正值“疯狂喜剧季”，父亲郭德纲会否支持初出茅庐的郭奇林去喜剧真人秀一试身手呢？&lt;/p&gt;&lt;p style=&quot;margin-top: 1em; margin-bottom: 1em; padding: 0px; text-indent: 2em; color: rgb(89, 89, 89); font-family: 宋体, Arial, Helvetica, sans-serif; font-size: 14px; font-variant-ligatures: normal; orphans: 2; white-space: normal; widows: 2; background-color: rgb(255, 255, 255);&quot;&gt;“这两年很多大节目和电影、电视剧都在找他，但我有意识在压制他，尽量让他在小剧场演出。”老郭说，一家人一个活法，当爹的对自家孩子没什么要求，“一入江湖深似海，从此节操是路人。他要想红，我分分钟就能把他捧起来，但我不希望他这么小就红，他一辈子不红我也挺开心的，我不希望用他争名夺利，他快乐开心比什么都强。”&lt;/p&gt;&lt;p style=&quot;margin-top: 1em; margin-bottom: 1em; padding: 0px; text-indent: 2em; color: rgb(89, 89, 89); font-family: 宋体, Arial, Helvetica, sans-serif; font-size: 14px; font-variant-ligatures: normal; orphans: 2; white-space: normal; widows: 2; background-color: rgb(255, 255, 255);&quot;&gt;郭家来往的人历来很多，郭奇林是师兄弟中最小的一个，但是父亲郭德纲从不让他耍“公子哥儿”威风，从小就告诉他家里不管有什么好吃的，先记着外人吃。“他4岁，也得让18岁的先吃，为什么呢？不能让你欺负人。所以到今天他18岁了，家里有东西也要先问，这个我可以吃吗？”老郭表示，这是教养，谁都不愿自个儿孩子出去让人骂，“在家里我把你管好了，省得出去被人骂，连我自己都心疼。”&lt;/p&gt;&lt;p style=&quot;margin-top: 1em; margin-bottom: 1em; padding: 0px; text-indent: 2em; color: rgb(89, 89, 89); font-family: 宋体, Arial, Helvetica, sans-serif; font-size: 14px; font-variant-ligatures: normal; orphans: 2; white-space: normal; widows: 2; background-color: rgb(255, 255, 255);&quot;&gt;严格家教让年纪轻轻的郭奇林各方面都比同龄孩子显得成熟，也并无同龄人的叛逆。“郭奇林曾跟别人讲，不要跟我爸爸耍心眼儿，他把你都看透了。”老郭说，自己一向跟儿子平起平坐，能将他分析得十分透彻，于是“他知道他斗不过你，叛逆是没有用的”。而作为手艺人，老郭留下的传家宝就是心态和手艺，“家里给他留多少钱，出去赌博、唱歌，没几年就糟干净了，不如传他一门手艺。而且希望他日后有好的心态，不管到什么位置都无所谓，能凭说相声养家糊口就让我很欣慰。”&lt;/p&gt;&lt;p style=&quot;margin-top: 1em; margin-bottom: 1em; padding: 0px; text-indent: 2em; color: rgb(89, 89, 89); font-family: 宋体, Arial, Helvetica, sans-serif; font-size: 14px; font-variant-ligatures: normal; orphans: 2; white-space: normal; widows: 2; background-color: rgb(255, 255, 255);&quot;&gt;“相声不是捧出来的，是学出来的。喜剧是认真设计好的，不是真胡来。”作为在家庭中与舞台上都最受敬畏的喜剧导师，老郭的艺术理念一向如此。甚少转发综艺节目官微的他，近来在乐于转发《喜剧狂》收视告捷微博的同时，也向记者道出喜剧类节目的制作宗旨，“编导要非常用心，下决心去找学员和进行培训，想方设法让他们把最好一面表现出来。而且，越是做喜剧越得要严谨。我们在台上看似一句话说得跟疯子似的，但其实胡说的话都是设计好的，不是真胡来，认认真真的胡闹才是喜剧。”&lt;/p&gt;&lt;p&gt;&lt;img src=&quot;/ueditor/php/upload/image/20170508/1494175736960684.jpg&quot; title=&quot;1494175736960684.jpg&quot;/&gt;&lt;/p&gt;&lt;p&gt;&lt;img src=&quot;/ueditor/php/upload/image/20170508/1494175736674523.jpg&quot; title=&quot;1494175736674523.jpg&quot;/&gt;&lt;/p&gt;&lt;p&gt;&lt;span style=&quot;color: rgb(89, 89, 89); font-family: 宋体, Arial, Helvetica, sans-serif; font-size: 14px; font-variant-ligatures: normal; orphans: 2; text-indent: 28px; widows: 2; background-color: rgb(255, 255, 255);&quot;&gt;&lt;/span&gt;&lt;br/&gt;&lt;/p&gt;', '1494175742', '', '七巧综艺', 2, '南都娱乐', 1, '喜剧|郭德纲|', 4, '2017-05-08/20170508004902.jpg'),
(5, '梁家辉：我是个很容易生气的人', '多产而戏路又宽的梁家辉很忙，出道30年，拿了4个金像奖最佳男主角、1个金马奖最佳男主角、2个最佳男配角奖，提到梁家辉，定语总少不了“影帝”二字。在他那一辈的香港演员中，如果没几个影帝奖杯摆在家中，都不好意思说自己摸爬滚打过，但像梁家辉这样演得了舞台剧、写得了专栏、出得了散文集、胜任过电影编剧和监制的全面发展型能人并不多见。', '&lt;p style=&quot;margin-top: 1em; margin-bottom: 1em; padding: 0px; text-indent: 2em; color: rgb(89, 89, 89); font-family: 宋体, Arial, Helvetica, sans-serif; font-size: 14px; font-variant-ligatures: normal; orphans: 2; white-space: normal; widows: 2; background-color: rgb(255, 255, 255);&quot;&gt;&lt;strong&gt;&lt;img src=&quot;/ueditor/php/upload/image/20170508/1494176304723019.jpg&quot; title=&quot;1494176304723019.jpg&quot; alt=&quot;P635300610018069853.jpg&quot;/&gt;&lt;/strong&gt;&lt;/p&gt;&lt;p style=&quot;margin-top: 1em; margin-bottom: 1em; padding: 0px; text-indent: 2em; color: rgb(89, 89, 89); font-family: 宋体, Arial, Helvetica, sans-serif; font-size: 14px; font-variant-ligatures: normal; orphans: 2; white-space: normal; widows: 2; background-color: rgb(255, 255, 255);&quot;&gt;&lt;strong&gt;身在影视圈腻了吗？&lt;/strong&gt;&lt;/p&gt;&lt;p style=&quot;margin-top: 1em; margin-bottom: 1em; padding: 0px; text-indent: 2em; color: rgb(89, 89, 89); font-family: 宋体, Arial, Helvetica, sans-serif; font-size: 14px; font-variant-ligatures: normal; orphans: 2; white-space: normal; widows: 2; background-color: rgb(255, 255, 255);&quot;&gt;&lt;strong&gt;&lt;span style=&quot;font-size: large;&quot;&gt;&lt;span style=&quot;color: rgb(0, 128, 128);&quot;&gt;“没腻！要将演技传承”&lt;/span&gt;&lt;/span&gt;&lt;/strong&gt;&lt;/p&gt;&lt;p style=&quot;margin-top: 1em; margin-bottom: 1em; padding: 0px; text-indent: 2em; color: rgb(89, 89, 89); font-family: 宋体, Arial, Helvetica, sans-serif; font-size: 14px; font-variant-ligatures: normal; orphans: 2; white-space: normal; widows: 2; background-color: rgb(255, 255, 255);&quot;&gt;梁家辉来北京的次数很频繁，他很早就在北京买了房子，本想让全家过上“帝都”生活，只是习惯了岭南气候的家人始终无法适应北方寒冬。这次见到他，是在电影《王牌》宣传期，进行一天宣传拍摄后他马上飞回香港。《王牌》是梁家辉接的第一部年代谍战片，邬君梅为了给喜爱已久的梁家辉好印象，特地在开机发布会感慨“幸好没以剧中的老年妆造型相见”。参与该剧的还有林志玲，梁家辉称赞林志玲出演年代戏“她是一位成功的模特，也是一位明星，竟然愿意放下身段来考验自己，我觉得这是值得鼓励的。”殊不知林志玲的参演却和梁家辉这位影帝的加盟息息相关，面对众女演员的夸赞，梁家辉选择了自嘲：“因为这是美女与野兽的结合嘛，跟大帅哥对戏还要跟他们争宠，跟我的话可以演得安心啊。”&lt;/p&gt;&lt;p style=&quot;margin-top: 1em; margin-bottom: 1em; padding: 0px; text-indent: 2em; color: rgb(89, 89, 89); font-family: 宋体, Arial, Helvetica, sans-serif; font-size: 14px; font-variant-ligatures: normal; orphans: 2; white-space: normal; widows: 2; background-color: rgb(255, 255, 255);&quot;&gt;在这之前，梁家辉刚刚在徐克导演的《智取威虎山》中结束自己的部分戏份，角色暂时还不能透露。3月份马上要上映的《盗马记》，是他和陈慧琳对戏的爱情喜剧。5月份，他要和刚刚在《北京爱情故事》中诠释夫妻档的刘嘉玲在舞台剧《杜老志》上再续情缘，这也意味着他要将好几个月时间献给舞台。还有一个消息，《寒战2》已经在剧本筹划阶段，不过凭借《寒战》拿了影帝的梁家辉并不兴奋“第一，是会有压力；第二，我觉得一个角色你要保持他的完美度的话，应该在一集里头让他结束就好，可能恐惧的是没办法再超越自己在第一集里的演出。”&lt;/p&gt;&lt;p style=&quot;margin-top: 1em; margin-bottom: 1em; padding: 0px; text-indent: 2em; color: rgb(89, 89, 89); font-family: 宋体, Arial, Helvetica, sans-serif; font-size: 14px; font-variant-ligatures: normal; orphans: 2; white-space: normal; widows: 2; background-color: rgb(255, 255, 255);&quot;&gt;当了30年演员，梁家辉总结自己的戏路“我接戏一向很杂”。他从来没想过给自己定位，香港理工学院（香港理工大学前身）毕业的他，在香港演员中算很有笔头的一位。他出过四本书籍《寻常笔墨》、《戏言杂记》、《我对你说》，以及《香港文汇报》副刊《辉笔而就》，讲述香港演艺圈的故事，他眼中的演艺圈是一个扭曲的世界，常人在睡觉，演员在工作；常人放假，演员还在工作，“活在这么扭曲的世界，你说荣誉感是被当作偶像享受掌声，那你能不能接受有一天没有掌声了呢？如果你没有把这个问题想通的话，那你整个偶像的过程和生活，就永远都是扭曲的，你自己根本就没法找到一个平衡点。”如果梁家辉不再当演员，他完全可以过上他眼中那种“不再扭曲的生活”，他也曾想过退休，他知道宅在家的生活是怎样，毕竟很多年前他就已经让太太过上退休生活。有一天，他给了自己一个永不言退的理由：“如果就这样退休，没有把自己的经验传给下一代的人，那你就浪费了那几十年。”&lt;/p&gt;&lt;p style=&quot;margin-top: 1em; margin-bottom: 1em; padding: 0px; text-indent: 2em; color: rgb(89, 89, 89); font-family: 宋体, Arial, Helvetica, sans-serif; font-size: 14px; font-variant-ligatures: normal; orphans: 2; white-space: normal; widows: 2; background-color: rgb(255, 255, 255);&quot;&gt;演员梁家辉是这么一个人，吃苦耐劳，不是演戏选择了他，而是他选择了演戏。&lt;/p&gt;&lt;p style=&quot;margin-top: 1em; margin-bottom: 1em; padding: 0px; text-indent: 2em; color: rgb(89, 89, 89); font-family: 宋体, Arial, Helvetica, sans-serif; font-size: 14px; font-variant-ligatures: normal; orphans: 2; white-space: normal; widows: 2; background-color: rgb(255, 255, 255);&quot;&gt;&lt;strong&gt;自己慢慢变老，太太还在追韩星&lt;/strong&gt;&lt;/p&gt;&lt;p style=&quot;margin-top: 1em; margin-bottom: 1em; padding: 0px; text-indent: 2em; color: rgb(89, 89, 89); font-family: 宋体, Arial, Helvetica, sans-serif; font-size: 14px; font-variant-ligatures: normal; orphans: 2; white-space: normal; widows: 2; background-color: rgb(255, 255, 255);&quot;&gt;&lt;strong&gt;&lt;span style=&quot;color: rgb(0, 128, 128);&quot;&gt;&lt;span style=&quot;font-size: large;&quot;&gt;“炸鸡和啤酒？好像不太健康”&lt;/span&gt;&lt;/span&gt;&lt;/strong&gt;&lt;/p&gt;&lt;p style=&quot;margin-top: 1em; margin-bottom: 1em; padding: 0px; text-indent: 2em; color: rgb(89, 89, 89); font-family: 宋体, Arial, Helvetica, sans-serif; font-size: 14px; font-variant-ligatures: normal; orphans: 2; white-space: normal; widows: 2; background-color: rgb(255, 255, 255);&quot;&gt;在根据杜拉斯小说改编的电影《情人》里，梁家辉有大量“真枪实弹”的全裸镜头，片中讲述的凄美爱情也让他一举成为“国民情人”。和他搭档对手戏的法国演员珍·玛琪如此评价他：“他有老式中国男人的风雅”，导演让·雅克·阿诺曾说：“我理想中的这个‘情人’是一个高、瘦、有教养、优雅，同时拥有完美的皮肤和高高长长鼻子的帅男。”这一角色最终锁定梁家辉。如今距离《情人》拍摄完毕已经20年，梁家辉的大众情人范儿仍在。他没有因为拿了多次影帝就变得霸气外露，也没有因为太太的容貌渐老和身材走样变成“绯闻大亨”，他的儒雅和亲和力让和他接触的每个人都受益。接受采访时他会主动让记者坐舒服的位置，自己一把抓过小板凳坐下；拍摄时需要换装，他特自然就在人群中解开上衣，男子汉硬朗不矫情做作的一面自然流露，拍摄时需要他抽雪茄，他为了完美配合会连续猛抽，完事后问他“你习惯常常抽雪茄吗”，他嘿嘿一笑“当我不想减少抽烟的时候就会抽雪茄，因为雪茄你不抽了它就会自己熄掉”，甚至是和工作人员合影，他都会半蹲下来配合女士身高。&lt;/p&gt;&lt;p style=&quot;margin-top: 1em; margin-bottom: 1em; padding: 0px; text-indent: 2em; color: rgb(89, 89, 89); font-family: 宋体, Arial, Helvetica, sans-serif; font-size: 14px; font-variant-ligatures: normal; orphans: 2; white-space: normal; widows: 2; background-color: rgb(255, 255, 255);&quot;&gt;这么一个体贴具有亲和力的人，很容易人联想到好好先生的形象。面对这称号他十分理性：“其实所谓的好男人，就只是我的一个表象。家里生活中，我是不是（符合）一个好男人的定义，那个权还是掌握在我老婆和家人手中，她们有这个发言权。我只能跟大家说我是一个很普通的男人。”梁家辉所说的普通性在于他知道自己的性格特点在哪，别看外界一致认为他是好脾气，他却直言自己在家里是个暴脾气。虽然他不擅长吵架，是一个吵架时会结巴的人，却在一些家务事上无法控制自己的脾气，“因为我是一个很容易生气的人，但是你不让我生这气的话，我就会憋得很辛苦。”在这个问题上，梁家辉的太太是一个很聪明的人，“我们俩意见不合的时候，我刚要开始生气，我老婆就会叫我走，你自己去乱发吧，那我发完以后呢，就没事了，她就会回来讨论刚才的问题。”&lt;/p&gt;&lt;p style=&quot;margin-top: 1em; margin-bottom: 1em; padding: 0px; text-indent: 2em; color: rgb(89, 89, 89); font-family: 宋体, Arial, Helvetica, sans-serif; font-size: 14px; font-variant-ligatures: normal; orphans: 2; white-space: normal; widows: 2; background-color: rgb(255, 255, 255);&quot;&gt;几乎没有人会说梁家辉是暴脾气，不论在片场还是媒体圈中，梁家辉给人的印象永远是谦和友善，即使当年被黑社会架去拍片，都是平息而过。从《情人》一直到《北京爱情故事》，他在爱情片中流露出的迷人气质，也一直让人觉得，这样的人身边怎么会缺女人？只有他最清楚了解自己的性格特点，一开始恋爱就和太太说明自己在最亲近的人面前会有暴脾气，因此矛盾爆发时两人会形成默契。他觉得婚姻的承诺不是说给对方听，而是说给自己听，基于这一点，婚姻的保鲜在他看来一点都不难。他让太太当了20多年的宅女，完全顾家不参与自己工作，对此他很自信：“那么多年她从来没有参与我工作里头任何一部分，那个最亲近你的人对你的分析是最不中肯的。”但他没有让太太从他的工作空间消失，每部戏他都会自掏腰包要更大一点的房间，让太太过来相聚。&lt;/p&gt;&lt;p style=&quot;margin-top: 1em; margin-bottom: 1em; padding: 0px; text-indent: 2em; color: rgb(89, 89, 89); font-family: 宋体, Arial, Helvetica, sans-serif; font-size: 14px; font-variant-ligatures: normal; orphans: 2; white-space: normal; widows: 2; background-color: rgb(255, 255, 255);&quot;&gt;如今这位生活作风良好，气质也不减当年的影帝也承认自己老了，跟不上时代潮流，倒是他的宅女太太被保护得很好，最近也在追《来自星星的你》。“上次我到韩国去宣传《寒战》，见到一些韩星，我都不认识，太太都认识，也很激动，我就跟她说，只要你不会因为韩剧而去追星，做出什么令我们的生活有颠覆性的情况出现（的事情），我觉得都可以啊。”对于炸鸡和啤酒这一被韩剧带动的饮食潮流，他的传统范儿又来了：“还是算了吧，不健康啊，我听说一个孕妇追韩剧要吃炸鸡和啤酒，差点把胎都搞掉了。”&lt;/p&gt;&lt;p&gt;&lt;img src=&quot;/ueditor/php/upload/image/20170508/1494176339129921.jpg&quot; title=&quot;1494176339129921.jpg&quot; alt=&quot;P635300610042001222.jpg&quot;/&gt;&lt;/p&gt;&lt;p style=&quot;margin-top: 1em; margin-bottom: 1em; padding: 0px; text-indent: 2em; color: rgb(89, 89, 89); font-family: 宋体, Arial, Helvetica, sans-serif; font-size: 14px; font-variant-ligatures: normal; orphans: 2; white-space: normal; widows: 2; background-color: rgb(255, 255, 255);&quot;&gt;&lt;strong&gt;顶梁柱老爸，女儿长大了&lt;/strong&gt;&lt;/p&gt;&lt;p style=&quot;margin-top: 1em; margin-bottom: 1em; padding: 0px; text-indent: 2em; color: rgb(89, 89, 89); font-family: 宋体, Arial, Helvetica, sans-serif; font-size: 14px; font-variant-ligatures: normal; orphans: 2; white-space: normal; widows: 2; background-color: rgb(255, 255, 255);&quot;&gt;&lt;strong&gt;&lt;span style=&quot;color: rgb(0, 128, 128);&quot;&gt;&lt;span style=&quot;font-size: large;&quot;&gt;“投诉我把她们送进最漂亮的监狱”&lt;/span&gt;&lt;/span&gt;&lt;/strong&gt;&lt;/p&gt;&lt;p style=&quot;margin-top: 1em; margin-bottom: 1em; padding: 0px; text-indent: 2em; color: rgb(89, 89, 89); font-family: 宋体, Arial, Helvetica, sans-serif; font-size: 14px; font-variant-ligatures: normal; orphans: 2; white-space: normal; widows: 2; background-color: rgb(255, 255, 255);&quot;&gt;梁家辉有一对双胞胎女儿正在加拿大念艺术专业，姐姐学艺术史，妹妹学剪辑。据香港媒体的说法，梁家辉是为了不让女儿被狗仔队拍到，才早早将姐妹俩送出国读书，而其实这是太太的决定，“我们选择的地方是近温哥华的地方，那边山明水秀啊，学校很漂亮，像Harry Potter那座城堡，但周围四野无人，我刚送她们过去时，她们就写信回来说，你送我们来到最漂亮的监狱。”这对21岁正青春貌美的姐妹花即使身在国外，也颇受港媒关注，常常被挖出她们在社交网站上放出的照片。姐姐Nikkie有一次上传了多张坐在浴缸内眼神迷蒙的吸烟照，以及穿着低胸晚宴洋装大露乳沟的自拍，让媒体纷纷感慨梁家辉女儿长大了，也隐约抛出梁家辉是否管教不严的疑问。面对质疑，梁家辉心中有数：“这个我要替她平反一下。那个抽烟的画面是我大女儿帮我小女儿拍的，那是她们学校其中一个功课，而且她那张相片好像还拿了一个挺高的成绩，所以她很高兴，把照片传到网上，结果就被误会了。”对那些女儿去夜店的自拍，他倒是很开放地表述了自己的观点，“去夜店的相片我每天都不知道看多少，每个人都是这样自拍，现在每个年轻人都是这样。所以我跟她说我不生气，但如果你自己觉得不高兴的话，就不要把这些照片放到Instagram，你放了就要对这行为负责，而不是因为爸爸生不生气。”&lt;/p&gt;&lt;p style=&quot;margin-top: 1em; margin-bottom: 1em; padding: 0px; text-indent: 2em; color: rgb(89, 89, 89); font-family: 宋体, Arial, Helvetica, sans-serif; font-size: 14px; font-variant-ligatures: normal; orphans: 2; white-space: normal; widows: 2; background-color: rgb(255, 255, 255);&quot;&gt;对于学艺术的女儿毕业后的选择，梁家辉没有过多想法，只有一点很明确——“不管日后她们是跑演艺、走艺术道路，或者是从事一些相关行业，我都不会帮她们，我只会从旁提点她们。”女儿还小的时候，他就没有给过她们光环。她们成年之后，他觉得更没必要设框把她们框死。&lt;/p&gt;&lt;p style=&quot;margin-top: 1em; margin-bottom: 1em; padding: 0px; text-indent: 2em; color: rgb(89, 89, 89); font-family: 宋体, Arial, Helvetica, sans-serif; font-size: 14px; font-variant-ligatures: normal; orphans: 2; white-space: normal; widows: 2; background-color: rgb(255, 255, 255);&quot;&gt;老爸梁家辉是这么一个人，比较单调，在家里只看国家地理、Discovery Channel和新闻台，思想开放，对女儿授之以渔而不授之以鱼。&lt;/p&gt;&lt;p&gt;&lt;br/&gt;&lt;/p&gt;', '1494176362', '', '七巧综艺', 1, '南都娱乐', 1, '梁家辉|', 4, '2017-05-08/20170508005922.jpg');
INSERT INTO `qiq_information` (`id`, `news_title`, `news_summary`, `news_content`, `news_time`, `news_type`, `author`, `news_visit`, `news_source`, `is_send`, `news_keywords`, `blockid`, `news_img`) VALUES
(6, '王伟忠：当教父成为导师', '台湾电视圈有个“伟忠帮”，狭义上指的是王伟忠签下或者力捧出来的艺人：吴宗宪、胡瓜、蔡康永、大小S、陈汉典、黑人等等；广义上，则包括他从1980年代初开始制作的台湾综艺节目，我们80后这代人耳熟能详的有《康熙来了》、《国光帮帮忙》、《超级星光大道》（《华人星光大道》）等等，其实在台湾社会转型时期，还有著名的《连环泡》、《纯属巧合》、“全民”系列。', '&lt;p&gt;&lt;img src=&quot;/ueditor/php/upload/image/20170508/1494176599547407.jpg&quot; title=&quot;1494176599547407.jpg&quot; alt=&quot;P635132967415669517.jpg&quot;/&gt;&lt;/p&gt;&lt;p style=&quot;margin-top: 1em; margin-bottom: 1em; padding: 0px; text-indent: 2em; color: rgb(89, 89, 89); font-family: 宋体, Arial, Helvetica, sans-serif; font-size: 14px; font-variant-ligatures: normal; orphans: 2; white-space: normal; widows: 2; background-color: rgb(255, 255, 255);&quot;&gt;&lt;strong&gt;&lt;span style=&quot;color: rgb(255, 102, 0);&quot;&gt;“某部分，我不觉得大陆会超越台湾”&lt;/span&gt;&lt;/strong&gt;&lt;/p&gt;&lt;p style=&quot;margin-top: 1em; margin-bottom: 1em; padding: 0px; text-indent: 2em; color: rgb(89, 89, 89); font-family: 宋体, Arial, Helvetica, sans-serif; font-size: 14px; font-variant-ligatures: normal; orphans: 2; white-space: normal; widows: 2; background-color: rgb(255, 255, 255);&quot;&gt;8月4日是星期天，这晚，王伟忠跟着《中国梦之声》一起，到上海荒僻南郊一处建筑工地“下基层战高温”。几天后我采访他，他趿着一双人字拖，窝在名贵真皮沙发里，点燃雪茄。我们很快聊到这个口号般的词语，王伟忠笑了笑，还给我一个历史更悠久的：“上山下乡”—“‘上山下乡’的节目，我在台湾也做过很多次，赈灾慰问甚至还劳过军。当然，这都是我年轻时候的事了。”他今年57岁。&lt;/p&gt;&lt;p style=&quot;margin-top: 1em; margin-bottom: 1em; padding: 0px; text-indent: 2em; color: rgb(89, 89, 89); font-family: 宋体, Arial, Helvetica, sans-serif; font-size: 14px; font-variant-ligatures: normal; orphans: 2; white-space: normal; widows: 2; background-color: rgb(255, 255, 255);&quot;&gt;按照王伟忠此前受访的说法—参加《梦之声》，“是来学习的，看看这些引进的综艺节目是如何读说明书的。”他在杂志专栏里表达对台湾综艺的担忧，不过，这只是技术层面的—“大陆综艺超越台湾？我没说过这样的话。成本和制作的确超越台湾很多。”但是—“像《全民乱讲》这些节目，我不觉得大陆会超越台湾。”&lt;/p&gt;&lt;p style=&quot;margin-top: 1em; margin-bottom: 1em; padding: 0px; text-indent: 2em; color: rgb(89, 89, 89); font-family: 宋体, Arial, Helvetica, sans-serif; font-size: 14px; font-variant-ligatures: normal; orphans: 2; white-space: normal; widows: 2; background-color: rgb(255, 255, 255);&quot;&gt;《全民乱讲》是王伟忠制作的一档政治讽喻类综艺节目，让主持人模仿台湾政客，以达到搞笑目的。虽然王伟忠长长的节目单里，最为大陆观众熟悉的是《康熙来了》，但“全民”系列才是王伟忠心头好，“我是真的喜欢新闻讽刺。”1981年，他才刚刚大学毕业，就做了《新闻后遗症》，开始批判社会——这件事奇特之处在于，1981年，台湾其实还处在舆论管制的“戒严时期”。&lt;/p&gt;&lt;p style=&quot;margin-top: 1em; margin-bottom: 1em; padding: 0px; text-indent: 2em; color: rgb(89, 89, 89); font-family: 宋体, Arial, Helvetica, sans-serif; font-size: 14px; font-variant-ligatures: normal; orphans: 2; white-space: normal; widows: 2; background-color: rgb(255, 255, 255);&quot;&gt;这类节目贯穿了王伟忠的职业生涯，把高高在上的人物拉下来，再涂上小丑妆容，是他做过最爽的事。“全民”系列前些年红爆台湾时，政客打电话进来已经不是要求停播，而是小心翼翼问为什么主持人最近没模仿他，是否人气下滑？至于现在，诡异的是，台湾政治人物本身已足够娱乐，“全民”反倒式微。&lt;/p&gt;&lt;p style=&quot;margin-top: 1em; margin-bottom: 1em; padding: 0px; text-indent: 2em; color: rgb(89, 89, 89); font-family: 宋体, Arial, Helvetica, sans-serif; font-size: 14px; font-variant-ligatures: normal; orphans: 2; white-space: normal; widows: 2; background-color: rgb(255, 255, 255);&quot;&gt;是时代成就了伟忠帮，还是伟忠帮的电视，令台湾社会演变成为如今模样？个体的力量究竟何德何能，竟至改变社会？王伟忠的回答是：“80年代出来很多人，电影圈有侯孝贤、杨德昌，音乐有滚石、飞碟，舞台剧有赖声川、李国修。每一个都有过影响，都让年轻人觉得‘哦原来可以这样’，再到‘本来就应该这样’。”&lt;/p&gt;&lt;p style=&quot;margin-top: 1em; margin-bottom: 1em; padding: 0px; text-indent: 2em; color: rgb(89, 89, 89); font-family: 宋体, Arial, Helvetica, sans-serif; font-size: 14px; font-variant-ligatures: normal; orphans: 2; white-space: normal; widows: 2; background-color: rgb(255, 255, 255);&quot;&gt;哦，电视，“电视就是我们这帮人。”&lt;/p&gt;&lt;p style=&quot;margin-top: 1em; margin-bottom: 1em; padding: 0px; text-indent: 2em; color: rgb(89, 89, 89); font-family: 宋体, Arial, Helvetica, sans-serif; font-size: 14px; font-variant-ligatures: normal; orphans: 2; white-space: normal; widows: 2; background-color: rgb(255, 255, 255);&quot;&gt;&lt;strong&gt;&lt;span style=&quot;color: rgb(255, 102, 0);&quot;&gt;“电视就是一个我的烂朋友”&lt;/span&gt;&lt;/strong&gt;&lt;/p&gt;&lt;p style=&quot;margin-top: 1em; margin-bottom: 1em; padding: 0px; text-indent: 2em; color: rgb(89, 89, 89); font-family: 宋体, Arial, Helvetica, sans-serif; font-size: 14px; font-variant-ligatures: normal; orphans: 2; white-space: normal; widows: 2; background-color: rgb(255, 255, 255);&quot;&gt;王伟忠做《梦之声》导师，与想象不同，既不强势也不毒舌，反而有些温情脉脉，碰到韩红发飙在直播中撂下一句“大局为重”，四个导师也只有王伟忠深夜留在场馆，面对数十家媒体为韩红打圆场。既然聊到“大局为重”，他向我们解释：“我也对结果感到很惊讶，但《Idol》的赛制到后期就是观众投票—这就像台湾的民主政治也被人骂得一塌糊涂—可是如果由我们四个导师来决定呢，其实后来也会被你们质疑……唉，中国历史就是中央集权，或者诸侯分据……”&lt;/p&gt;&lt;p style=&quot;margin-top: 1em; margin-bottom: 1em; padding: 0px; text-indent: 2em; color: rgb(89, 89, 89); font-family: 宋体, Arial, Helvetica, sans-serif; font-size: 14px; font-variant-ligatures: normal; orphans: 2; white-space: normal; widows: 2; background-color: rgb(255, 255, 255);&quot;&gt;在一个燠热的午后，关于《梦之声》是否存在黑幕的问题，就这样被狡猾地引向中国历史。这显然是一个令读者昏昏欲睡的话题，于是我们聊点有趣的，比如—A片。“到我这年纪，当然不需要再看A片……哈哈。”他爆笑，顷刻又严肃，“你看，你小时候，看A片不得了哦，可是现在再看，你还会仔细看那个过程吗？都是快进的！我意思是，电视从来不是洪水猛兽，它就是你的一个烂朋友，它会不会伤害到你？取决于你自己。当然，不否认有些人会一辈子永远看A片。”&lt;/p&gt;&lt;p style=&quot;margin-top: 1em; margin-bottom: 1em; padding: 0px; text-indent: 2em; color: rgb(89, 89, 89); font-family: 宋体, Arial, Helvetica, sans-serif; font-size: 14px; font-variant-ligatures: normal; orphans: 2; white-space: normal; widows: 2; background-color: rgb(255, 255, 255);&quot;&gt;他洞悉真人秀—一个楚门的世界里—所有的运行规则。孙自佑，是“星光帮”总冠军；林育群，“星光帮”著名选手，唱片出到国外，但曲终人散，随着舞台幕布垂下，他们重新变成凡人，依然要到大陆各个选秀节目里，再述说一遍梦想和身世，被二次消费。&lt;/p&gt;&lt;p style=&quot;margin-top: 1em; margin-bottom: 1em; padding: 0px; text-indent: 2em; color: rgb(89, 89, 89); font-family: 宋体, Arial, Helvetica, sans-serif; font-size: 14px; font-variant-ligatures: normal; orphans: 2; white-space: normal; widows: 2; background-color: rgb(255, 255, 255);&quot;&gt;王伟忠坚信人生需要酒肉朋友，这或可看作他人情练达。在各个场合，他都熟练地扮演着“伟忠哥”的角色，这个甜腻腻的称呼，实际上却代表了权威，以及某种大佬才拥有的隆重仪式感。他一点也不谦虚，自称是这个圈子里的“最大公约数”：可以文化，也可以娱乐。在57岁的年纪，他越发游刃有余，最近又打算转战舞台剧—作为演员—“我以前总骂那些演员是猪，现在打算自己上台演，然后把那些演员请来看。”那些演员看过后，纷纷赞他演得好，对此王伟忠只是哈哈大笑。&lt;/p&gt;&lt;p style=&quot;margin-top: 1em; margin-bottom: 1em; padding: 0px; text-indent: 2em; color: rgb(89, 89, 89); font-family: 宋体, Arial, Helvetica, sans-serif; font-size: 14px; font-variant-ligatures: normal; orphans: 2; white-space: normal; widows: 2; background-color: rgb(255, 255, 255);&quot;&gt;他当然洞察世事人心，也知道再红的节目和人，都有不再被大家需要的时刻。雪茄渐渐熄灭，他最后讲到丘吉尔，这个大英帝国首相，“酒吧打烊了，该散伙就散伙。”啊，多么潇洒，然而，当人民投票把他赶下台时，仍免不了恨恨地抛下一句，“忘恩负义。”所幸的是，回到开头我们讲的，伟忠哥跨海而来，提刀四顾，发现我们还是要“上山下乡”，综艺江湖，依然堪战。&lt;/p&gt;&lt;p&gt;&lt;img src=&quot;/ueditor/php/upload/image/20170508/1494176627125682.jpg&quot; title=&quot;1494176627125682.jpg&quot; alt=&quot;P635132967422089885.jpg&quot;/&gt;&lt;/p&gt;&lt;p style=&quot;margin-top: 1em; margin-bottom: 1em; padding: 0px; text-indent: 2em; color: rgb(89, 89, 89); font-family: 宋体, Arial, Helvetica, sans-serif; font-size: 14px; font-variant-ligatures: normal; orphans: 2; white-space: normal; widows: 2; background-color: rgb(255, 255, 255);&quot;&gt;&lt;strong&gt;&lt;span style=&quot;font-size: large;&quot;&gt;“艺人是十年寒窗无人问，一朝成名天下知，所以这行这么多人要算命”&lt;/span&gt;&lt;/strong&gt;&lt;/p&gt;&lt;p style=&quot;margin-top: 1em; margin-bottom: 1em; padding: 0px; text-indent: 2em; color: rgb(89, 89, 89); font-family: 宋体, Arial, Helvetica, sans-serif; font-size: 14px; font-variant-ligatures: normal; orphans: 2; white-space: normal; widows: 2; background-color: rgb(255, 255, 255);&quot;&gt;&lt;strong&gt;&lt;span style=&quot;color: rgb(255, 102, 0);&quot;&gt;“选秀节目大概每十年一轮回”&lt;/span&gt;&lt;/strong&gt;&lt;/p&gt;&lt;p style=&quot;margin-top: 1em; margin-bottom: 1em; padding: 0px; text-indent: 2em; color: rgb(89, 89, 89); font-family: 宋体, Arial, Helvetica, sans-serif; font-size: 14px; font-variant-ligatures: normal; orphans: 2; white-space: normal; widows: 2; background-color: rgb(255, 255, 255);&quot;&gt;&lt;strong&gt;南都娱乐周刊：您在节目中比较低调，跟江湖传闻不太一样。&lt;/strong&gt;&lt;/p&gt;&lt;p style=&quot;margin-top: 1em; margin-bottom: 1em; padding: 0px; text-indent: 2em; color: rgb(89, 89, 89); font-family: 宋体, Arial, Helvetica, sans-serif; font-size: 14px; font-variant-ligatures: normal; orphans: 2; white-space: normal; widows: 2; background-color: rgb(255, 255, 255);&quot;&gt;&lt;strong&gt;王伟忠&lt;/strong&gt;：哦？我江湖传闻是怎样？&lt;/p&gt;&lt;p style=&quot;margin-top: 1em; margin-bottom: 1em; padding: 0px; text-indent: 2em; color: rgb(89, 89, 89); font-family: 宋体, Arial, Helvetica, sans-serif; font-size: 14px; font-variant-ligatures: normal; orphans: 2; white-space: normal; widows: 2; background-color: rgb(255, 255, 255);&quot;&gt;&lt;strong&gt;南都娱乐周刊：比较强势，比如，我见到您之前会感到害怕。&lt;/strong&gt;&lt;/p&gt;&lt;p style=&quot;margin-top: 1em; margin-bottom: 1em; padding: 0px; text-indent: 2em; color: rgb(89, 89, 89); font-family: 宋体, Arial, Helvetica, sans-serif; font-size: 14px; font-variant-ligatures: normal; orphans: 2; white-space: normal; widows: 2; background-color: rgb(255, 255, 255);&quot;&gt;&lt;strong&gt;王伟忠&lt;/strong&gt;：我强势也不代表要赢得别人尊敬，我低调也不见得应该被鄙视，我从来没有高调过，没有标榜过我要多伟大……没有吧？&lt;/p&gt;&lt;p style=&quot;margin-top: 1em; margin-bottom: 1em; padding: 0px; text-indent: 2em; color: rgb(89, 89, 89); font-family: 宋体, Arial, Helvetica, sans-serif; font-size: 14px; font-variant-ligatures: normal; orphans: 2; white-space: normal; widows: 2; background-color: rgb(255, 255, 255);&quot;&gt;&lt;strong&gt;南都娱乐周刊：总结下自己做导师的表现？&lt;/strong&gt;&lt;/p&gt;&lt;p style=&quot;margin-top: 1em; margin-bottom: 1em; padding: 0px; text-indent: 2em; color: rgb(89, 89, 89); font-family: 宋体, Arial, Helvetica, sans-serif; font-size: 14px; font-variant-ligatures: normal; orphans: 2; white-space: normal; widows: 2; background-color: rgb(255, 255, 255);&quot;&gt;&lt;strong&gt;王伟忠&lt;/strong&gt;：我讲话没有太要戏剧效果，因为他们三个就够了。我评审的方式是真的很认真来看你，我用我的方式讲话。在那么短时间内，没有时间开玩笑，我也没有博感情，有些人看上去很可怜，我说这个行业没有一个人是家里有钱的，家里有钱就不干这行了，因为没钱，所以才会躲在家里做创作、学表演。这一行多可怜啊，要赢得掌声，说不好听要抛头露面嬉皮笑脸。所以，你有什么好去讲可怜的，你再可怜能跟我比吗？我那个时候连家都没有，所以有什么好讲的？我根本没时间跟你去博感情，我要抓紧时间讲如果你要入这行，你有什么缺点，你要怎样改进。&lt;/p&gt;&lt;p style=&quot;margin-top: 1em; margin-bottom: 1em; padding: 0px; text-indent: 2em; color: rgb(89, 89, 89); font-family: 宋体, Arial, Helvetica, sans-serif; font-size: 14px; font-variant-ligatures: normal; orphans: 2; white-space: normal; widows: 2; background-color: rgb(255, 255, 255);&quot;&gt;&lt;strong&gt;南都娱乐周刊：可是观众喜欢听故事。&lt;/strong&gt;&lt;/p&gt;&lt;p style=&quot;margin-top: 1em; margin-bottom: 1em; padding: 0px; text-indent: 2em; color: rgb(89, 89, 89); font-family: 宋体, Arial, Helvetica, sans-serif; font-size: 14px; font-variant-ligatures: normal; orphans: 2; white-space: normal; widows: 2; background-color: rgb(255, 255, 255);&quot;&gt;&lt;strong&gt;王伟忠：&lt;/strong&gt;完全可以，但我不用再锦上添花。&lt;/p&gt;&lt;p style=&quot;margin-top: 1em; margin-bottom: 1em; padding: 0px; text-indent: 2em; color: rgb(89, 89, 89); font-family: 宋体, Arial, Helvetica, sans-serif; font-size: 14px; font-variant-ligatures: normal; orphans: 2; white-space: normal; widows: 2; background-color: rgb(255, 255, 255);&quot;&gt;&lt;strong&gt;南都娱乐周刊：我注意到从去年《好声音》开始，中国电视综艺好像变得有些工业化，按照Bible有样学样，但电视难道不应该以人为本，以创意为本，就像您在台湾做的那些节目？&lt;/strong&gt;&lt;/p&gt;&lt;p style=&quot;margin-top: 1em; margin-bottom: 1em; padding: 0px; text-indent: 2em; color: rgb(89, 89, 89); font-family: 宋体, Arial, Helvetica, sans-serif; font-size: 14px; font-variant-ligatures: normal; orphans: 2; white-space: normal; widows: 2; background-color: rgb(255, 255, 255);&quot;&gt;&lt;strong&gt;王伟忠&lt;/strong&gt;：对。当然，这阶段有个好处就是会把技术提高到一个很高的阶段，真人秀现在就跟电影拍摄一样，二十几个机器，拍完再剪接，它像戏剧一样表现了，开始有起承转合，台湾比较自由，台湾的成本也不允许这么多后期制作，台湾仍旧是导播制，所以台湾自己发展出一套合乎它成本的发展方式。&lt;/p&gt;&lt;p style=&quot;margin-top: 1em; margin-bottom: 1em; padding: 0px; text-indent: 2em; color: rgb(89, 89, 89); font-family: 宋体, Arial, Helvetica, sans-serif; font-size: 14px; font-variant-ligatures: normal; orphans: 2; white-space: normal; widows: 2; background-color: rgb(255, 255, 255);&quot;&gt;&lt;strong&gt;南都娱乐周刊：您认为一个节目是技术上更重要，还是内在人文关怀更重要？&lt;/strong&gt;&lt;/p&gt;&lt;p style=&quot;margin-top: 1em; margin-bottom: 1em; padding: 0px; text-indent: 2em; color: rgb(89, 89, 89); font-family: 宋体, Arial, Helvetica, sans-serif; font-size: 14px; font-variant-ligatures: normal; orphans: 2; white-space: normal; widows: 2; background-color: rgb(255, 255, 255);&quot;&gt;&lt;strong&gt;王伟忠&lt;/strong&gt;：两个都重要，我们不要把人文关怀放太大了，要有娱乐性。可是呢，节目当然要以人本为中心，就像我们在节目里访问人太多了，我发觉再好的节目包装，如果人不对，就是不好看，人到最后还是喜欢看人。&lt;/p&gt;&lt;p style=&quot;margin-top: 1em; margin-bottom: 1em; padding: 0px; text-indent: 2em; color: rgb(89, 89, 89); font-family: 宋体, Arial, Helvetica, sans-serif; font-size: 14px; font-variant-ligatures: normal; orphans: 2; white-space: normal; widows: 2; background-color: rgb(255, 255, 255);&quot;&gt;&lt;strong&gt;南都娱乐周刊：能否谈谈大陆节目和《星光大道》的区别？&lt;/strong&gt;&lt;/p&gt;&lt;p style=&quot;margin-top: 1em; margin-bottom: 1em; padding: 0px; text-indent: 2em; color: rgb(89, 89, 89); font-family: 宋体, Arial, Helvetica, sans-serif; font-size: 14px; font-variant-ligatures: normal; orphans: 2; white-space: normal; widows: 2; background-color: rgb(255, 255, 255);&quot;&gt;&lt;strong&gt;王伟忠&lt;/strong&gt;：选秀节目，我二十多岁大学毕业就做过，甚至更早，比如夏台凤，她就是台湾第一次选秀节目出来的第一名（1966年），我们现在有时还请她回来。还有张惠妹参加的五灯奖。所以选秀节目大概每十年一个轮回，十年素人就要开花结果，《星光大道》就是碰到这阶段，当然与大陆《超女》也有关系。区别在于，我们成本比较低，而且台湾评审互动也比较自然，参加《星光》的老师、选手，虽然是种竞争状态，但还是想呈现出我们为华语乐坛好好选拔人才的状态，人本精神蛮强烈。然后每个人都发唱片，到现在已有五十几张EP和专辑了，是一个产值的节目。&lt;/p&gt;&lt;p style=&quot;margin-top: 1em; margin-bottom: 1em; padding: 0px; text-indent: 2em; color: rgb(89, 89, 89); font-family: 宋体, Arial, Helvetica, sans-serif; font-size: 14px; font-variant-ligatures: normal; orphans: 2; white-space: normal; widows: 2; background-color: rgb(255, 255, 255);&quot;&gt;&lt;strong&gt;南都娱乐周刊：是否觉得大陆的节目似乎更偏重电视呈现，只是一个夏天的娱乐事件？&lt;/strong&gt;&lt;/p&gt;&lt;p style=&quot;margin-top: 1em; margin-bottom: 1em; padding: 0px; text-indent: 2em; color: rgb(89, 89, 89); font-family: 宋体, Arial, Helvetica, sans-serif; font-size: 14px; font-variant-ligatures: normal; orphans: 2; white-space: normal; widows: 2; background-color: rgb(255, 255, 255);&quot;&gt;&lt;strong&gt;王伟忠&lt;/strong&gt;：所以，我一直跟他们说要做产值，不然就是变成一个节目一个回忆而已。我们会想办法跟唱片公司共同经营，我们经营代言，唱片公司经营音乐。我们不会决定谁是第一第二第三，不会做这样的事。&lt;/p&gt;&lt;p style=&quot;margin-top: 1em; margin-bottom: 1em; padding: 0px; text-indent: 2em; color: rgb(89, 89, 89); font-family: 宋体, Arial, Helvetica, sans-serif; font-size: 14px; font-variant-ligatures: normal; orphans: 2; white-space: normal; widows: 2; background-color: rgb(255, 255, 255);&quot;&gt;&lt;strong&gt;&lt;span style=&quot;color: rgb(255, 102, 0);&quot;&gt;“喜欢小S汉典，害怕有酸气的人”&lt;/span&gt;&lt;/strong&gt;&lt;/p&gt;&lt;p style=&quot;margin-top: 1em; margin-bottom: 1em; padding: 0px; text-indent: 2em; color: rgb(89, 89, 89); font-family: 宋体, Arial, Helvetica, sans-serif; font-size: 14px; font-variant-ligatures: normal; orphans: 2; white-space: normal; widows: 2; background-color: rgb(255, 255, 255);&quot;&gt;&lt;strong&gt;南都娱乐周刊：《梦之声》有个选手让我印象深刻，她说，“唱一首歌就把梦想实现了，这事挺不靠谱的。”您觉得一夜成名靠谱吗？&lt;/strong&gt;&lt;/p&gt;&lt;p style=&quot;margin-top: 1em; margin-bottom: 1em; padding: 0px; text-indent: 2em; color: rgb(89, 89, 89); font-family: 宋体, Arial, Helvetica, sans-serif; font-size: 14px; font-variant-ligatures: normal; orphans: 2; white-space: normal; widows: 2; background-color: rgb(255, 255, 255);&quot;&gt;&lt;strong&gt;王伟忠：&lt;/strong&gt;我跟你讲，基本上歌手很少是从小明星慢慢爬，爬到大明星的，大多是一张唱片甚至一首歌，Bang，到位。所以这个行业为什么这么多人去算命？它不像你从小记者慢慢熬资历熬到副编辑、再到总编辑。一个小歌手，十年资历到了，就变成大歌手？没有的。这行是老天爷赏饭吃。事实很残酷，但我说，怕热，你就不要进厨房。要实现梦想，就要有胆子。艺人是十年寒窗无人问，一朝成名天下知，所以这行这么多人要算命，老天爷都断定不了。所以你要做孤家寡人，还是大众情人，还是庶民领袖？看你自己。寡人和情人之间能不能兼得？很难，一个艺人如果能表里如一、身心健康，那是做一个艺人最高的境界。&lt;/p&gt;&lt;p style=&quot;margin-top: 1em; margin-bottom: 1em; padding: 0px; text-indent: 2em; color: rgb(89, 89, 89); font-family: 宋体, Arial, Helvetica, sans-serif; font-size: 14px; font-variant-ligatures: normal; orphans: 2; white-space: normal; widows: 2; background-color: rgb(255, 255, 255);&quot;&gt;&lt;strong&gt;南都娱乐周刊：您“造星”有套方法论吗？&lt;/strong&gt;&lt;/p&gt;&lt;p style=&quot;margin-top: 1em; margin-bottom: 1em; padding: 0px; text-indent: 2em; color: rgb(89, 89, 89); font-family: 宋体, Arial, Helvetica, sans-serif; font-size: 14px; font-variant-ligatures: normal; orphans: 2; white-space: normal; widows: 2; background-color: rgb(255, 255, 255);&quot;&gt;&lt;strong&gt;王伟忠&lt;/strong&gt;：其实，造星大师、综艺教父，都是别人冠给我的，这是节目需求。与其说我是造星大师，不如说我愿意用新人，给新人机会，这不容易，因为你要扛很多成败，平台也要足够信任你。这只能靠累积，就像你现在访问一个人，聊得很好，但回去总编说，没听过，发不了。过三年，这人火了，你有他原稿，就能跟领导说，喏，火了吧。所以，只能靠累积。&lt;/p&gt;&lt;p style=&quot;margin-top: 1em; margin-bottom: 1em; padding: 0px; text-indent: 2em; color: rgb(89, 89, 89); font-family: 宋体, Arial, Helvetica, sans-serif; font-size: 14px; font-variant-ligatures: normal; orphans: 2; white-space: normal; widows: 2; background-color: rgb(255, 255, 255);&quot;&gt;&lt;strong&gt;南都娱乐周刊：您最近签的人里，Hold住姐风头正劲。其实她刚红时我访过她，那时她说在伟忠哥旗下要坚持嘲笑社会，不过现在她拍了《小时代》这样一部比较消费主义的电影。&lt;/strong&gt;&lt;/p&gt;&lt;p style=&quot;margin-top: 1em; margin-bottom: 1em; padding: 0px; text-indent: 2em; color: rgb(89, 89, 89); font-family: 宋体, Arial, Helvetica, sans-serif; font-size: 14px; font-variant-ligatures: normal; orphans: 2; white-space: normal; widows: 2; background-color: rgb(255, 255, 255);&quot;&gt;&lt;strong&gt;王伟忠&lt;/strong&gt;：我觉得她很好。其实她这种精神不会掉，但一个艺人在江湖上要有两手准备，她必然要做点符合潮流的东西，也要做自己想做的事情，实际上我也是这样做的。我会做流行，这让我在市场上有发言权，但我也会做一些很冷门的舞台剧。因为你在世俗之下，还是要入世，但你可以叫得亲一点，离得远一点。这算是你刚说的“方法论”吧。&lt;/p&gt;&lt;p style=&quot;margin-top: 1em; margin-bottom: 1em; padding: 0px; text-indent: 2em; color: rgb(89, 89, 89); font-family: 宋体, Arial, Helvetica, sans-serif; font-size: 14px; font-variant-ligatures: normal; orphans: 2; white-space: normal; widows: 2; background-color: rgb(255, 255, 255);&quot;&gt;&lt;strong&gt;南都娱乐周刊：您的节目有没有过不成功？&lt;/strong&gt;&lt;/p&gt;&lt;p style=&quot;margin-top: 1em; margin-bottom: 1em; padding: 0px; text-indent: 2em; color: rgb(89, 89, 89); font-family: 宋体, Arial, Helvetica, sans-serif; font-size: 14px; font-variant-ligatures: normal; orphans: 2; white-space: normal; widows: 2; background-color: rgb(255, 255, 255);&quot;&gt;&lt;strong&gt;王伟忠&lt;/strong&gt;：有过，年轻人向往正义，但往往就像《正义论》讲的，向往正义的过程会走偏。我们下面的制作人员做过一些乱七八糟不对的东西，比如，讽刺人不能打落水狗，只能对权威。还有一些喜剧，当然喜剧应该俗，只是有时会变得低俗到非常非常那个。环境不好你可以Play Smart，但如果你认为Play Smart是唯一的方法，那你就麻烦了。&lt;/p&gt;&lt;p style=&quot;margin-top: 1em; margin-bottom: 1em; padding: 0px; text-indent: 2em; color: rgb(89, 89, 89); font-family: 宋体, Arial, Helvetica, sans-serif; font-size: 14px; font-variant-ligatures: normal; orphans: 2; white-space: normal; widows: 2; background-color: rgb(255, 255, 255);&quot;&gt;&lt;strong&gt;南都娱乐周刊：您自己这套价值观有没有影响到伟忠帮成员比如蔡康永、大小S？&lt;/strong&gt;&lt;/p&gt;&lt;p style=&quot;margin-top: 1em; margin-bottom: 1em; padding: 0px; text-indent: 2em; color: rgb(89, 89, 89); font-family: 宋体, Arial, Helvetica, sans-serif; font-size: 14px; font-variant-ligatures: normal; orphans: 2; white-space: normal; widows: 2; background-color: rgb(255, 255, 255);&quot;&gt;&lt;strong&gt;王伟忠&lt;/strong&gt;：没有一个人的人生体会可以影响到另一个人，每个人都是独立个体，体会都不一样。尤其康永，其实年龄比我小不了很多。&lt;/p&gt;&lt;p style=&quot;margin-top: 1em; margin-bottom: 1em; padding: 0px; text-indent: 2em; color: rgb(89, 89, 89); font-family: 宋体, Arial, Helvetica, sans-serif; font-size: 14px; font-variant-ligatures: normal; orphans: 2; white-space: normal; widows: 2; background-color: rgb(255, 255, 255);&quot;&gt;&lt;strong&gt;南都娱乐周刊：您好像特喜欢小S和汉典？&lt;/strong&gt;&lt;/p&gt;&lt;p style=&quot;margin-top: 1em; margin-bottom: 1em; padding: 0px; text-indent: 2em; color: rgb(89, 89, 89); font-family: 宋体, Arial, Helvetica, sans-serif; font-size: 14px; font-variant-ligatures: normal; orphans: 2; white-space: normal; widows: 2; background-color: rgb(255, 255, 255);&quot;&gt;&lt;strong&gt;王伟忠&lt;/strong&gt;：小S依我来看是个好女人、好妹妹、好妈妈，她讲义气。汉典则是快乐在演出。其实这两个小孩还蛮快乐的，私下里小S会把大S当作英雄，而职场上他们自娱娱人，比较没有酸气在里面。&lt;/p&gt;&lt;p style=&quot;margin-top: 1em; margin-bottom: 1em; padding: 0px; text-indent: 2em; color: rgb(89, 89, 89); font-family: 宋体, Arial, Helvetica, sans-serif; font-size: 14px; font-variant-ligatures: normal; orphans: 2; white-space: normal; widows: 2; background-color: rgb(255, 255, 255);&quot;&gt;&lt;strong&gt;南都娱乐周刊：所以是承认了更喜欢他们？&lt;/strong&gt;&lt;/p&gt;&lt;p style=&quot;margin-top: 1em; margin-bottom: 1em; padding: 0px; text-indent: 2em; color: rgb(89, 89, 89); font-family: 宋体, Arial, Helvetica, sans-serif; font-size: 14px; font-variant-ligatures: normal; orphans: 2; white-space: normal; widows: 2; background-color: rgb(255, 255, 255);&quot;&gt;&lt;strong&gt;王伟忠&lt;/strong&gt;：没有完全否认，哈哈。当然，我也希望培养新人，不能说我独钟于这两人，但我比较害怕有酸气的人，他俩没有酸气。酸气具体指嫉妒怀疑恐惧彷徨。有些人天生有这样的性格，所以也不能怪谁。&lt;/p&gt;&lt;p&gt;&lt;br/&gt;&lt;/p&gt;', '1494176651', '', '七巧综艺', 1, '南都娱乐', 1, '黄伟忠|', 4, '2017-05-08/20170508010411.jpg');
INSERT INTO `qiq_information` (`id`, `news_title`, `news_summary`, `news_content`, `news_time`, `news_type`, `author`, `news_visit`, `news_source`, `is_send`, `news_keywords`, `blockid`, `news_img`) VALUES
(7, '梁朝伟：我不会操控生活，会选择与它和谐', '梁朝伟一队也终于在当地时间下午四点，开着大红的迈锐宝抵达了马里布栈桥。一路上大家尽情享受灿烂的阳光，拍拍停停，将画面定格在相机里。在沿途碧海蓝天的映照中，这场旅行却仿佛没有终点。最后一夜，马里布海滩的告别晚宴上，当地市长亲自前来欢送，五天同车驾享，友情日深，临别之际大家依依不舍，品着杯中的红酒，望着夜色笼罩的海面升起五彩的烟花，一团团璀璨地绽放又熄灭，在心里默默体会着此行的意义，美好生活仿佛刚刚开始。', '&lt;p style=&quot;margin-top: 1em; margin-bottom: 1em; padding: 0px; text-indent: 2em; color: rgb(89, 89, 89); font-family: 宋体, Arial, Helvetica, sans-serif; font-size: 14px; font-variant-ligatures: normal; orphans: 2; white-space: normal; widows: 2; background-color: rgb(255, 255, 255);&quot;&gt;这已是“心回Malibu”美国加州驾享之旅的第二季，相比去年，雪佛兰品牌首次尝试“明星互动体验式”营销模式，最终包括资深媒体人罗振宇、创作歌手田原、有2011中国当代徐霞客之称的新浪名博“行走40国”、兔斯基原创者青年漫画家王卯卯、时装评论人吉良、导演叫兽易小星在内的6位意见领袖被选中，与2012年迈锐宝中国区代言人梁朝伟先生共赴美国加州Malibu海滩，回归驾享之源，共同体验迈锐宝驾享之旅。&lt;/p&gt;&lt;p style=&quot;margin-top: 1em; margin-bottom: 1em; padding: 0px; text-indent: 2em; color: rgb(89, 89, 89); font-family: 宋体, Arial, Helvetica, sans-serif; font-size: 14px; font-variant-ligatures: normal; orphans: 2; white-space: normal; widows: 2; background-color: rgb(255, 255, 255);&quot;&gt;迈锐宝的命名灵感来源于美国加州Malibu海滩，为了让国内消费者体验迈锐宝驾享合一的产品特质，雪佛兰在2012年成功举办了“心回Malibu”活动，让国内消费者沿着美国加州一号海滨公路，在迈锐宝驾享之旅中感受边前进、边享受的乐趣。现在，作为雪佛兰全球中高级旗舰的迈锐宝，已凭借出众的驾享合一的产品特质赢得了国内消费者的认可，月度销量屡创新高。上市1年多来，国内车主已超过10万。&lt;/p&gt;&lt;p style=&quot;margin-top: 1em; margin-bottom: 1em; padding: 0px; text-indent: 2em; color: rgb(89, 89, 89); font-family: 宋体, Arial, Helvetica, sans-serif; font-size: 14px; font-variant-ligatures: normal; orphans: 2; white-space: normal; widows: 2; background-color: rgb(255, 255, 255);&quot;&gt;本次活动“前行的目的就在于享受前行”，这是雪佛兰迈锐宝所倡导的驾享精神。随着迈锐宝车主群体的扩大，越来越多的消费者与迈锐宝驾享精神产生了共鸣，寻找到与自身价值观、生活态度一致的契合点。他们保持年轻的心态，坚持最初的热爱，始终相信前行的过程与到达目的地同样重要，这群人被称为“Mr. Malibu”。梁朝伟在接受专访时，特别强调与雪佛兰的合作是缘于自己特别热爱大海，也十分向往这里的阳光沙滩，平时工作太忙，常常无暇享受，这次可谓借工作来偷空享受实现生活中的梦想了。&lt;/p&gt;&lt;p&gt;&lt;img src=&quot;/ueditor/php/upload/image/20170508/1494176913616086.jpg&quot; title=&quot;1494176913616086.jpg&quot; alt=&quot;P635131978184358723.jpg&quot;/&gt;&lt;/p&gt;&lt;p&gt;&lt;span style=&quot;color: rgb(89, 89, 89); font-family: 宋体, Arial, Helvetica, sans-serif; font-size: 14px; font-variant-ligatures: normal; orphans: 2; text-indent: 28px; widows: 2; background-color: rgb(255, 255, 255);&quot;&gt;梁朝伟坐着大红色迈锐宝抵达马里布栈桥，面临大海心情舒畅。&lt;/span&gt;&lt;/p&gt;&lt;p&gt;&lt;span style=&quot;color: rgb(89, 89, 89); font-family: 宋体, Arial, Helvetica, sans-serif; font-size: 14px; font-variant-ligatures: normal; orphans: 2; text-indent: 28px; widows: 2; background-color: rgb(255, 255, 255);&quot;&gt;&lt;img src=&quot;/ueditor/php/upload/image/20170508/1494176936272089.jpg&quot; title=&quot;1494176936272089.jpg&quot; alt=&quot;P635131978192429185.jpg&quot;/&gt;&lt;/span&gt;&lt;/p&gt;&lt;p&gt;&lt;span style=&quot;color: rgb(89, 89, 89); font-family: 宋体, Arial, Helvetica, sans-serif; font-size: 14px; font-variant-ligatures: normal; orphans: 2; text-indent: 28px; widows: 2; background-color: rgb(255, 255, 255);&quot;&gt;&lt;span style=&quot;color: rgb(89, 89, 89); font-family: 宋体, Arial, Helvetica, sans-serif; font-size: 14px; font-variant-ligatures: normal; orphans: 2; text-indent: 28px; widows: 2; background-color: rgb(255, 255, 255);&quot;&gt;梁朝伟与“心回Malibu”招募者们一同来到马里布海滩。&lt;/span&gt;&lt;/span&gt;&lt;/p&gt;&lt;p&gt;&lt;span style=&quot;color: rgb(89, 89, 89); font-family: 宋体, Arial, Helvetica, sans-serif; font-size: 14px; font-variant-ligatures: normal; orphans: 2; text-indent: 28px; widows: 2; background-color: rgb(255, 255, 255);&quot;&gt;&lt;span style=&quot;color: rgb(89, 89, 89); font-family: 宋体, Arial, Helvetica, sans-serif; font-size: 14px; font-variant-ligatures: normal; orphans: 2; text-indent: 28px; widows: 2; background-color: rgb(255, 255, 255);&quot;&gt;&lt;/span&gt;&lt;/span&gt;&lt;/p&gt;&lt;p style=&quot;margin-top: 1em; margin-bottom: 1em; padding: 0px; text-indent: 2em; color: rgb(89, 89, 89); font-family: 宋体, Arial, Helvetica, sans-serif; font-size: 14px; font-variant-ligatures: normal; orphans: 2; white-space: normal; widows: 2; background-color: rgb(255, 255, 255);&quot;&gt;&lt;strong&gt;南都娱乐周刊：Tony你好，今天你从洛杉矶坐着迈锐宝来到Malibu，有什么特别的感受吗？看你换了一个特别有朝气的新发型，能谈一下出于什么样的考虑吗？&lt;/strong&gt;&lt;/p&gt;&lt;p style=&quot;margin-top: 1em; margin-bottom: 1em; padding: 0px; text-indent: 2em; color: rgb(89, 89, 89); font-family: 宋体, Arial, Helvetica, sans-serif; font-size: 14px; font-variant-ligatures: normal; orphans: 2; white-space: normal; widows: 2; background-color: rgb(255, 255, 255);&quot;&gt;&lt;strong&gt;梁朝伟&lt;/strong&gt;：发型是因为我平常拍完戏以后，尤其是拍完王家卫的戏以后，很长时间停留在一个角色里面，所以我必须要把自己弄到跟戏里面不一样，才可以顺利做回我自己。另外一个原因就是太热，是真的。&lt;/p&gt;&lt;p style=&quot;margin-top: 1em; margin-bottom: 1em; padding: 0px; text-indent: 2em; color: rgb(89, 89, 89); font-family: 宋体, Arial, Helvetica, sans-serif; font-size: 14px; font-variant-ligatures: normal; orphans: 2; white-space: normal; widows: 2; background-color: rgb(255, 255, 255);&quot;&gt;再一次坐Malibu的车来到Malibu当然很开心，从3月到现在香港一直在下雨，很久没有看过那么漂亮的天气。来到Malibu海边，我自己很喜欢海，又坐在一部那么漂亮那么舒服的车上感觉很开心。&lt;/p&gt;&lt;p style=&quot;margin-top: 1em; margin-bottom: 1em; padding: 0px; text-indent: 2em; color: rgb(89, 89, 89); font-family: 宋体, Arial, Helvetica, sans-serif; font-size: 14px; font-variant-ligatures: normal; orphans: 2; white-space: normal; widows: 2; background-color: rgb(255, 255, 255);&quot;&gt;&lt;strong&gt;南都娱乐周刊：雪佛兰迈锐宝是一款驾享合一的产品，无论是驾驶起来还是乘坐起来都是一款表现不错的车，今天看到你坐到迈锐宝后排一路过来，想请问一下这一路过来的感受，对这款车的感受如何？&lt;/strong&gt;&lt;/p&gt;&lt;p style=&quot;margin-top: 1em; margin-bottom: 1em; padding: 0px; text-indent: 2em; color: rgb(89, 89, 89); font-family: 宋体, Arial, Helvetica, sans-serif; font-size: 14px; font-variant-ligatures: normal; orphans: 2; white-space: normal; widows: 2; background-color: rgb(255, 255, 255);&quot;&gt;&lt;strong&gt;梁朝伟&lt;/strong&gt;：感觉很舒适、很开心，乘坐感也很好。上次我是自己开，这次坐在后面感觉也是很棒。&lt;/p&gt;&lt;p style=&quot;margin-top: 1em; margin-bottom: 1em; padding: 0px; text-indent: 2em; color: rgb(89, 89, 89); font-family: 宋体, Arial, Helvetica, sans-serif; font-size: 14px; font-variant-ligatures: normal; orphans: 2; white-space: normal; widows: 2; background-color: rgb(255, 255, 255);&quot;&gt;&lt;strong&gt;南都娱乐周刊：以前有一个段子说在你闲暇时间或者感觉郁闷的时候会飞到伦敦喂鸽子，这次欢迎你来加州喂海鸥。我不知道你自己在平常的闲暇时间用什么方式度过，如果有大把时间的话，你会用什么休闲方式度过？&lt;/strong&gt;&lt;/p&gt;&lt;p style=&quot;margin-top: 1em; margin-bottom: 1em; padding: 0px; text-indent: 2em; color: rgb(89, 89, 89); font-family: 宋体, Arial, Helvetica, sans-serif; font-size: 14px; font-variant-ligatures: normal; orphans: 2; white-space: normal; widows: 2; background-color: rgb(255, 255, 255);&quot;&gt;&lt;strong&gt;梁朝伟&lt;/strong&gt;：我平常很喜欢大海，所以我大部分时间都在海上度过，如果不用开工的话大概一个星期有五六天都在海上，因为周末人太多，我就没有出去，我平常很多时间都在海上。&lt;/p&gt;&lt;p style=&quot;margin-top: 1em; margin-bottom: 1em; padding: 0px; text-indent: 2em; color: rgb(89, 89, 89); font-family: 宋体, Arial, Helvetica, sans-serif; font-size: 14px; font-variant-ligatures: normal; orphans: 2; white-space: normal; widows: 2; background-color: rgb(255, 255, 255);&quot;&gt;&lt;strong&gt;南都娱乐周刊：如果说你再有机会开着迈锐宝这样的车，沿着海岸线行驶在加州一号公路上，你觉得你会听什么样的音乐，选择什么样的歌呢？&lt;/strong&gt;&lt;/p&gt;&lt;p style=&quot;margin-top: 1em; margin-bottom: 1em; padding: 0px; text-indent: 2em; color: rgb(89, 89, 89); font-family: 宋体, Arial, Helvetica, sans-serif; font-size: 14px; font-variant-ligatures: normal; orphans: 2; white-space: normal; widows: 2; background-color: rgb(255, 255, 255);&quot;&gt;&lt;strong&gt;梁朝伟&lt;/strong&gt;：当然是《California Dreaming》（笑）。&lt;/p&gt;&lt;p style=&quot;margin-top: 1em; margin-bottom: 1em; padding: 0px; text-indent: 2em; color: rgb(89, 89, 89); font-family: 宋体, Arial, Helvetica, sans-serif; font-size: 14px; font-variant-ligatures: normal; orphans: 2; white-space: normal; widows: 2; background-color: rgb(255, 255, 255);&quot;&gt;&lt;strong&gt;南都娱乐周刊：迈锐宝的品牌精神——前行的目的在于享受前行。在前行的道路上你一直坚持的是什么呢？你在中间得到了什么样的享受，能分享一下吗？&lt;/strong&gt;&lt;/p&gt;&lt;p style=&quot;margin-top: 1em; margin-bottom: 1em; padding: 0px; text-indent: 2em; color: rgb(89, 89, 89); font-family: 宋体, Arial, Helvetica, sans-serif; font-size: 14px; font-variant-ligatures: normal; orphans: 2; white-space: normal; widows: 2; background-color: rgb(255, 255, 255);&quot;&gt;&lt;strong&gt;梁朝伟：&lt;/strong&gt;我觉得自己一直坚持做什么事情都应该开开心心。享受什么？其实我什么都享受，我不会去判断什么东西好或者不好，我觉得在生命中发生的事情都是可以让人从中得到很多经验、学到很多东西，所以我都很享受。&lt;/p&gt;&lt;p style=&quot;margin-top: 1em; margin-bottom: 1em; padding: 0px; text-indent: 2em; color: rgb(89, 89, 89); font-family: 宋体, Arial, Helvetica, sans-serif; font-size: 14px; font-variant-ligatures: normal; orphans: 2; white-space: normal; widows: 2; background-color: rgb(255, 255, 255);&quot;&gt;&lt;strong&gt;南都娱乐周刊：你诠释过非常多经典的角色，在你看来什么是经典呢？此行过程中你认为最经典的事或物是什么，可以跟大家分享一下吗？&lt;/strong&gt;&lt;/p&gt;&lt;p style=&quot;margin-top: 1em; margin-bottom: 1em; padding: 0px; text-indent: 2em; color: rgb(89, 89, 89); font-family: 宋体, Arial, Helvetica, sans-serif; font-size: 14px; font-variant-ligatures: normal; orphans: 2; white-space: normal; widows: 2; background-color: rgb(255, 255, 255);&quot;&gt;&lt;strong&gt;梁朝伟&lt;/strong&gt;：我觉得经典就是经得起时间的考验，像雪佛兰迈锐宝一样。还有就是必须要有个性、有自己的想法、有内涵，这样才会是成功之作。&lt;/p&gt;&lt;p style=&quot;margin-top: 1em; margin-bottom: 1em; padding: 0px; text-indent: 2em; color: rgb(89, 89, 89); font-family: 宋体, Arial, Helvetica, sans-serif; font-size: 14px; font-variant-ligatures: normal; orphans: 2; white-space: normal; widows: 2; background-color: rgb(255, 255, 255);&quot;&gt;&lt;strong&gt;南都娱乐周刊：能分享一下你跟车之间的故事吗？比如说你拍《色，戒》的时候曾经有5个小时被困在车里？&lt;/strong&gt;&lt;/p&gt;&lt;p style=&quot;margin-top: 1em; margin-bottom: 1em; padding: 0px; text-indent: 2em; color: rgb(89, 89, 89); font-family: 宋体, Arial, Helvetica, sans-serif; font-size: 14px; font-variant-ligatures: normal; orphans: 2; white-space: normal; widows: 2; background-color: rgb(255, 255, 255);&quot;&gt;&lt;strong&gt;梁朝伟&lt;/strong&gt;：我是很长情的一个人，平常我可以20年都开那一辆车，人家都觉得我没有换过，但其实我换过很多辆，但是同一个颜色同一个款，一直开，因为有些东西你喜欢就是喜欢，我跟车的关系就是这样，当我喜欢一款车的时候，我就一直都是开这款车。&lt;/p&gt;&lt;p style=&quot;margin-top: 1em; margin-bottom: 1em; padding: 0px; text-indent: 2em; color: rgb(89, 89, 89); font-family: 宋体, Arial, Helvetica, sans-serif; font-size: 14px; font-variant-ligatures: normal; orphans: 2; white-space: normal; widows: 2; background-color: rgb(255, 255, 255);&quot;&gt;&lt;strong&gt;南都娱乐周刊：据悉你是第一次来到马里布啊，有什么感受？&lt;/strong&gt;&lt;/p&gt;&lt;p style=&quot;margin-top: 1em; margin-bottom: 1em; padding: 0px; text-indent: 2em; color: rgb(89, 89, 89); font-family: 宋体, Arial, Helvetica, sans-serif; font-size: 14px; font-variant-ligatures: normal; orphans: 2; white-space: normal; widows: 2; background-color: rgb(255, 255, 255);&quot;&gt;&lt;strong&gt;梁朝伟&lt;/strong&gt;：感觉很开心，我来过加州很多次，但是从来没有来过海边。我刚才也说过很喜欢海，我感觉很好，天气很好，又可以跟Malibu重逢，我觉得是很有趣的一个经验。&lt;/p&gt;&lt;p style=&quot;margin-top: 1em; margin-bottom: 1em; padding: 0px; text-indent: 2em; color: rgb(89, 89, 89); font-family: 宋体, Arial, Helvetica, sans-serif; font-size: 14px; font-variant-ligatures: normal; orphans: 2; white-space: normal; widows: 2; background-color: rgb(255, 255, 255);&quot;&gt;&lt;strong&gt;南都娱乐周刊：你说这是第一次亲自来加州开一号公路，又很喜欢在一号公路上听《California Dreaming》，你的California Dream是什么？自从你代言Malibu以后很多车主就有一个昵称管你叫Mr. Malibu，你有没有觉得Malibu有怎么样的一些特质符合你心目中想象的迈锐宝先生的称呼？&lt;/strong&gt;&lt;/p&gt;&lt;p style=&quot;margin-top: 1em; margin-bottom: 1em; padding: 0px; text-indent: 2em; color: rgb(89, 89, 89); font-family: 宋体, Arial, Helvetica, sans-serif; font-size: 14px; font-variant-ligatures: normal; orphans: 2; white-space: normal; widows: 2; background-color: rgb(255, 255, 255);&quot;&gt;&lt;strong&gt;梁朝伟&lt;/strong&gt;：我觉得迈锐宝先生应该像Malibu一样，一个经典，很有个性。它是一个经典，但是它会很炫目，也有它本身的气质。还有你刚才问的California Dream，我当然很想，我很喜欢海，我希望有机会来这边出出海，玩一些海上运动，当然有机会来拍戏更好。&lt;/p&gt;&lt;p style=&quot;margin-top: 1em; margin-bottom: 1em; padding: 0px; text-indent: 2em; color: rgb(89, 89, 89); font-family: 宋体, Arial, Helvetica, sans-serif; font-size: 14px; font-variant-ligatures: normal; orphans: 2; white-space: normal; widows: 2; background-color: rgb(255, 255, 255);&quot;&gt;&lt;strong&gt;南都娱乐周刊：你认为这部电影的配乐《California Dreaming》，为什么这么多人心目中都会有关于加州的一个梦想呢？&lt;/strong&gt;&lt;/p&gt;&lt;p style=&quot;margin-top: 1em; margin-bottom: 1em; padding: 0px; text-indent: 2em; color: rgb(89, 89, 89); font-family: 宋体, Arial, Helvetica, sans-serif; font-size: 14px; font-variant-ligatures: normal; orphans: 2; white-space: normal; widows: 2; background-color: rgb(255, 255, 255);&quot;&gt;&lt;strong&gt;梁朝伟&lt;/strong&gt;：我想很多人都喜欢这样的天气、这样的环境吧，喜欢大海喜欢自然，喜欢这么美丽的阳光，就会有他自己的一个梦想吧。&lt;/p&gt;&lt;p style=&quot;margin-top: 1em; margin-bottom: 1em; padding: 0px; text-indent: 2em; color: rgb(89, 89, 89); font-family: 宋体, Arial, Helvetica, sans-serif; font-size: 14px; font-variant-ligatures: normal; orphans: 2; white-space: normal; widows: 2; background-color: rgb(255, 255, 255);&quot;&gt;&lt;strong&gt;南都娱乐周刊：你现在作为国际巨星，平时开车的机会特别少，因为有司机，你在什么样的情况或者什么样的心情下会自己驾车？&lt;/strong&gt;&lt;/p&gt;&lt;p style=&quot;margin-top: 1em; margin-bottom: 1em; padding: 0px; text-indent: 2em; color: rgb(89, 89, 89); font-family: 宋体, Arial, Helvetica, sans-serif; font-size: 14px; font-variant-ligatures: normal; orphans: 2; white-space: normal; widows: 2; background-color: rgb(255, 255, 255);&quot;&gt;&lt;strong&gt;梁朝伟&lt;/strong&gt;：其实我很少用司机，我都是自己开，因为我从小就晕车，我只有自己开才不会晕车，我很享受开车的感觉，我觉得我很喜欢开车，所以我通常都是自己开的。&lt;/p&gt;&lt;p style=&quot;margin-top: 1em; margin-bottom: 1em; padding: 0px; text-indent: 2em; color: rgb(89, 89, 89); font-family: 宋体, Arial, Helvetica, sans-serif; font-size: 14px; font-variant-ligatures: normal; orphans: 2; white-space: normal; widows: 2; background-color: rgb(255, 255, 255);&quot;&gt;&lt;strong&gt;南都娱乐周刊：请问你是那种对生活有操控感的人吗？喜欢开车的人好像都很喜欢把安全掌握在自己手里，你是这样吗？&lt;/strong&gt;&lt;/p&gt;&lt;p style=&quot;margin-top: 1em; margin-bottom: 1em; padding: 0px; text-indent: 2em; color: rgb(89, 89, 89); font-family: 宋体, Arial, Helvetica, sans-serif; font-size: 14px; font-variant-ligatures: normal; orphans: 2; white-space: normal; widows: 2; background-color: rgb(255, 255, 255);&quot;&gt;&lt;strong&gt;梁朝伟&lt;/strong&gt;：我不会去操控，我觉得我会跟生活和谐，我不用操控也不会跟它对抗，但是也不会完全被它控制，我就是尽量跟它和谐一致。你会跟大家和谐，但是你也有自己的底线，有自己道德的观点，在不冲破底线以下（的时候）你尽量跟它一致。&lt;/p&gt;&lt;p style=&quot;margin-top: 1em; margin-bottom: 1em; padding: 0px; text-indent: 2em; color: rgb(89, 89, 89); font-family: 宋体, Arial, Helvetica, sans-serif; font-size: 14px; font-variant-ligatures: normal; orphans: 2; white-space: normal; widows: 2; background-color: rgb(255, 255, 255);&quot;&gt;&lt;strong&gt;南都娱乐周刊：你接下来在电影方面有些什么样的计划吗？&lt;/strong&gt;&lt;/p&gt;&lt;p style=&quot;margin-top: 1em; margin-bottom: 1em; padding: 0px; text-indent: 2em; color: rgb(89, 89, 89); font-family: 宋体, Arial, Helvetica, sans-serif; font-size: 14px; font-variant-ligatures: normal; orphans: 2; white-space: normal; widows: 2; background-color: rgb(255, 255, 255);&quot;&gt;&lt;strong&gt;梁朝伟&lt;/strong&gt;：其实我最近希望休息一段时间，因为前一阵子拍了太多，觉得需要一点时间休息一下，所以暂时没有计划。其实我一直都希望拍一些喜剧，所以可能会自己比较一些故事，现在还没有实在的想法，但是希望休息完了，起码休息一年后再继续拍片。&lt;/p&gt;&lt;p style=&quot;margin-top: 1em; margin-bottom: 1em; padding: 0px; text-indent: 2em; color: rgb(89, 89, 89); font-family: 宋体, Arial, Helvetica, sans-serif; font-size: 14px; font-variant-ligatures: normal; orphans: 2; white-space: normal; widows: 2; background-color: rgb(255, 255, 255);&quot;&gt;&lt;strong&gt;南都娱乐周刊：现在国内《速度与激情6》票房特别高，你有想过拍一部跟汽车速度相关的电影吗？&lt;/strong&gt;&lt;/p&gt;&lt;p style=&quot;margin-top: 1em; margin-bottom: 1em; padding: 0px; text-indent: 2em; color: rgb(89, 89, 89); font-family: 宋体, Arial, Helvetica, sans-serif; font-size: 14px; font-variant-ligatures: normal; orphans: 2; white-space: normal; widows: 2; background-color: rgb(255, 255, 255);&quot;&gt;&lt;strong&gt;梁朝伟&lt;/strong&gt;：可以考虑一下。因为其实我有一个想法，就是拍一部喜剧，但是有一些动作，可能到时候可以跟Malibu合作，里面有一些车的戏份。&lt;/p&gt;&lt;p style=&quot;margin-top: 1em; margin-bottom: 1em; padding: 0px; text-indent: 2em; color: rgb(89, 89, 89); font-family: 宋体, Arial, Helvetica, sans-serif; font-size: 14px; font-variant-ligatures: normal; orphans: 2; white-space: normal; widows: 2; background-color: rgb(255, 255, 255);&quot;&gt;&lt;strong&gt;南都娱乐周刊：明年是《重庆森林》这部电影面世20周年，你一再提及的《California Dreaming》当年也是随着这部电影响彻了国内大江南北。我想问一下，现在回顾这部你当年的作品有些什么样的感悟，以及在你看来为什么这么多人都会各自有一个自己的California Dreaming？&lt;/strong&gt;&lt;/p&gt;&lt;p&gt;&lt;span style=&quot;color: rgb(89, 89, 89); font-family: 宋体, Arial, Helvetica, sans-serif; font-size: 14px; font-variant-ligatures: normal; orphans: 2; text-indent: 28px; widows: 2; background-color: rgb(255, 255, 255);&quot;&gt;&lt;span style=&quot;color: rgb(89, 89, 89); font-family: 宋体, Arial, Helvetica, sans-serif; font-size: 14px; font-variant-ligatures: normal; orphans: 2; text-indent: 28px; widows: 2; background-color: rgb(255, 255, 255);&quot;&gt;&lt;br/&gt;&lt;/span&gt;&lt;/span&gt;&lt;br/&gt;&lt;/p&gt;', '1494176963', '', '七巧综艺', 0, '南都娱乐', 1, '梁朝伟|名人专访|', 4, '2017-05-08/20170508010923.jpg');
INSERT INTO `qiq_information` (`id`, `news_title`, `news_summary`, `news_content`, `news_time`, `news_type`, `author`, `news_visit`, `news_source`, `is_send`, `news_keywords`, `blockid`, `news_img`) VALUES
(8, '冯小刚：中国电影到了挺危险的时刻', '“人这一辈子真的有这么一两件你坚持要做最后把它做成了的事儿。”说这话时，冯小刚的眼睛闪亮起来。瓦莱里希望他的诗被十个有心人读十遍，也不愿被一百个无心人看一眼。冯小刚此刻的心情莫不如此。', '&lt;p&gt;&lt;img src=&quot;/ueditor/php/upload/image/20170508/1494177185432942.jpg&quot; title=&quot;1494177185432942.jpg&quot;/&gt;&lt;/p&gt;&lt;p&gt;&lt;img src=&quot;/ueditor/php/upload/image/20170508/1494177185779305.jpg&quot; title=&quot;1494177185779305.jpg&quot;/&gt;&lt;/p&gt;&lt;p style=&quot;margin-top: 1em; margin-bottom: 1em; padding: 0px; text-indent: 2em; color: rgb(89, 89, 89); font-family: 宋体, Arial, Helvetica, sans-serif; font-size: 14px; font-variant-ligatures: normal; orphans: 2; white-space: normal; widows: 2; background-color: rgb(255, 255, 255);&quot;&gt;&lt;span style=&quot;background-color: rgb(255, 245, 238);&quot;&gt;都说《一九四二》是在成全冯小刚的一个梦想。都说他拍完这一部，直接可以隆重收官改去画画或打高尔夫了；都说这部片主题深刻到可以直奔各类国际奖项；当然也还有说它今年绝对会成为国产片年度票房冠军……&lt;/span&gt;&lt;/p&gt;&lt;p style=&quot;margin-top: 1em; margin-bottom: 1em; padding: 0px; text-indent: 2em; color: rgb(89, 89, 89); font-family: 宋体, Arial, Helvetica, sans-serif; font-size: 14px; font-variant-ligatures: normal; orphans: 2; white-space: normal; widows: 2; background-color: rgb(255, 255, 255);&quot;&gt;&lt;span style=&quot;background-color: rgb(255, 245, 238);&quot;&gt;汉娜·阿伦特说，当荣耀来临，正是你表达谦逊最好的时机。在众多说法前，冯小刚没有顺竿而上，少有地保持缄默，甚至有点反向而行，削减各方观众对他预设的期待，“全片没有诗意，非常粗糙。”“媳妇是好媳妇，就是有点不咸不淡。”“什么他妈伟大的作品，到点该吃饭了。”甚至做好了这部片赔钱的心理准备。&lt;/span&gt;&lt;/p&gt;&lt;p style=&quot;margin-top: 1em; margin-bottom: 1em; padding: 0px; text-indent: 2em; color: rgb(89, 89, 89); font-family: 宋体, Arial, Helvetica, sans-serif; font-size: 14px; font-variant-ligatures: normal; orphans: 2; white-space: normal; widows: 2; background-color: rgb(255, 255, 255);&quot;&gt;&lt;span style=&quot;background-color: rgb(255, 245, 238);&quot;&gt;这一次，他真不太像冯小刚。&lt;/span&gt;&lt;/p&gt;&lt;p style=&quot;margin-top: 1em; margin-bottom: 1em; padding: 0px; text-indent: 2em; color: rgb(89, 89, 89); font-family: 宋体, Arial, Helvetica, sans-serif; font-size: 14px; font-variant-ligatures: normal; orphans: 2; white-space: normal; widows: 2; background-color: rgb(255, 255, 255);&quot;&gt;&lt;span style=&quot;background-color: rgb(255, 245, 238);&quot;&gt;这十八年间，他喝点小酒就会感叹，那个拍了还有什么遗憾啊？真正拍起来，他遇到不可想象的困难，几千人的调度，艰苦的环境居然让很多群众演员中途逃跑了，幕后工作人员心说千万别来续集了啊！面对这些，此刻的冯小刚也很无奈，抽自己耳光，跟人较劲，跟椅子较劲，跟对讲机较劲，不为别的，就为把这个心念了十八年的“初恋”娶回家！&lt;/span&gt;&lt;/p&gt;&lt;p style=&quot;margin-top: 1em; margin-bottom: 1em; padding: 0px; text-indent: 2em; color: rgb(89, 89, 89); font-family: 宋体, Arial, Helvetica, sans-serif; font-size: 14px; font-variant-ligatures: normal; orphans: 2; white-space: normal; widows: 2; background-color: rgb(255, 255, 255);&quot;&gt;&lt;span style=&quot;background-color: rgb(255, 245, 238);&quot;&gt;“人这一辈子真的有这么一两件你坚持要做最后把它做成了的事儿。”说这话时，冯小刚的眼睛闪亮起来。瓦莱里希望他的诗被十个有心人读十遍，也不愿被一百个无心人看一眼。冯小刚此刻的心情莫不如此。磨难成就了《一九四二》，一不小心也出卖了一个“市民导演”的精英思考。&lt;/span&gt;&lt;/p&gt;&lt;p style=&quot;margin-top: 1em; margin-bottom: 1em; padding: 0px; text-indent: 2em; color: rgb(89, 89, 89); font-family: 宋体, Arial, Helvetica, sans-serif; font-size: 14px; font-variant-ligatures: normal; orphans: 2; white-space: normal; widows: 2; background-color: rgb(255, 255, 255);&quot;&gt;&lt;strong&gt;&lt;span style=&quot;font-size: large;&quot;&gt;“可我一发完微博，哎，又没憋住啊”&lt;/span&gt;&lt;/strong&gt;&lt;/p&gt;&lt;p style=&quot;margin-top: 1em; margin-bottom: 1em; padding: 0px; text-indent: 2em; color: rgb(89, 89, 89); font-family: 宋体, Arial, Helvetica, sans-serif; font-size: 14px; font-variant-ligatures: normal; orphans: 2; white-space: normal; widows: 2; background-color: rgb(255, 255, 255);&quot;&gt;1992年，作家刘震云应时任《中国减灾报》编委钱钢（即报告文学《唐山大地震》作者）的约稿，撰写一篇关于1942年中国蝗灾与旱灾的灾难史，之后就有了小说《温故1942》。很快，当时还不十分有名的冯小刚通过王朔找到了他，提出要将其拍成电影。没想到，这个愿望直到2012年才终告实现，期间在1998年与2002年电影曾两度启动，两度搁浅，但冯小刚、刘震云和王中军、王中磊坚持了下来。对于这长达十八年的坚持，也许我们只能将原因归于一个长期以来被描写成现实主义者的人，在那一刻发现了自己内心理想的边界。&lt;/p&gt;&lt;p style=&quot;margin-top: 1em; margin-bottom: 1em; padding: 0px; text-indent: 2em; color: rgb(89, 89, 89); font-family: 宋体, Arial, Helvetica, sans-serif; font-size: 14px; font-variant-ligatures: normal; orphans: 2; white-space: normal; widows: 2; background-color: rgb(255, 255, 255);&quot;&gt;&lt;strong&gt;谢晓：十八年前，您最早看到刘震云的小说，是什么东西让您有一种冲动，非要把它拍成电影？&lt;/strong&gt;&lt;/p&gt;&lt;p style=&quot;margin-top: 1em; margin-bottom: 1em; padding: 0px; text-indent: 2em; color: rgb(89, 89, 89); font-family: 宋体, Arial, Helvetica, sans-serif; font-size: 14px; font-variant-ligatures: normal; orphans: 2; white-space: normal; widows: 2; background-color: rgb(255, 255, 255);&quot;&gt;&lt;strong&gt;冯小刚&lt;/strong&gt;：这个小说对我的触动特别大。我觉得它提高了我对我们民族性的一种认识，有的时候甚至可以说它是拨乱反正。过去我对我们民族的优点认识比较多，对我们的那点毛病没认识。其实有的时候你在抱怨，你抱怨这个你抱怨那个，你心里并不知道，一切皆因这民族性。说一最简单的——你开车，前面这司机不让路，你说，这傻逼！可你自己也排队夹进去，等到你夹进去了别人要夹进来，你就不让他夹进来，是吧。&lt;/p&gt;&lt;p style=&quot;margin-top: 1em; margin-bottom: 1em; padding: 0px; text-indent: 2em; color: rgb(89, 89, 89); font-family: 宋体, Arial, Helvetica, sans-serif; font-size: 14px; font-variant-ligatures: normal; orphans: 2; white-space: normal; widows: 2; background-color: rgb(255, 255, 255);&quot;&gt;&lt;strong&gt;谢晓：这就是《一九四二》想要表达的主题？这想法十八年来没改变过？&lt;/strong&gt;&lt;/p&gt;&lt;p style=&quot;margin-top: 1em; margin-bottom: 1em; padding: 0px; text-indent: 2em; color: rgb(89, 89, 89); font-family: 宋体, Arial, Helvetica, sans-serif; font-size: 14px; font-variant-ligatures: normal; orphans: 2; white-space: normal; widows: 2; background-color: rgb(255, 255, 255);&quot;&gt;&lt;strong&gt;冯小刚：&lt;/strong&gt;因为我们这民族几千年来都这样，我们十八年就是在历史长河里的一瞬间，怎么可能改变？&lt;/p&gt;&lt;p style=&quot;margin-top: 1em; margin-bottom: 1em; padding: 0px; text-indent: 2em; color: rgb(89, 89, 89); font-family: 宋体, Arial, Helvetica, sans-serif; font-size: 14px; font-variant-ligatures: normal; orphans: 2; white-space: normal; widows: 2; background-color: rgb(255, 255, 255);&quot;&gt;&lt;strong&gt;谢晓：刘震云的小说非常愤怒，但是电影里面貌似是第三方的视角。&lt;/strong&gt;&lt;/p&gt;&lt;p style=&quot;margin-top: 1em; margin-bottom: 1em; padding: 0px; text-indent: 2em; color: rgb(89, 89, 89); font-family: 宋体, Arial, Helvetica, sans-serif; font-size: 14px; font-variant-ligatures: normal; orphans: 2; white-space: normal; widows: 2; background-color: rgb(255, 255, 255);&quot;&gt;&lt;strong&gt;冯小刚&lt;/strong&gt;：刘震云的小说倒没有让我觉得很愤怒，他是貌似没有态度。他的小说让我觉得有意思，就在于他站在灾民那儿说灾民的话，站在委员长那儿说委员长的话，站在日本人那儿说日本人的话……每个人都在利用灾民。当然震云骨子里觉得灾民也不是什么好东西，他在里头也有这种想法，因此他是失望的。&lt;/p&gt;&lt;p style=&quot;margin-top: 1em; margin-bottom: 1em; padding: 0px; text-indent: 2em; color: rgb(89, 89, 89); font-family: 宋体, Arial, Helvetica, sans-serif; font-size: 14px; font-variant-ligatures: normal; orphans: 2; white-space: normal; widows: 2; background-color: rgb(255, 255, 255);&quot;&gt;&lt;strong&gt;谢晓：其实电影上映后可以预见会有很多争论和解读，也许会对影片的传播有利。&lt;/strong&gt;&lt;/p&gt;&lt;p style=&quot;margin-top: 1em; margin-bottom: 1em; padding: 0px; text-indent: 2em; color: rgb(89, 89, 89); font-family: 宋体, Arial, Helvetica, sans-serif; font-size: 14px; font-variant-ligatures: normal; orphans: 2; white-space: normal; widows: 2; background-color: rgb(255, 255, 255);&quot;&gt;&lt;strong&gt;冯小刚&lt;/strong&gt;：知识分子有时候对一个东西的过度解读，对中国电影危害特别大……我永远都是说它就是一部电影，它没那么大作用。你知道吧？就像《让子弹飞》上映时，其实我问过姜文，他说是有隐喻，但绝对没有后来人说的那么多。大家不至于要把中国电影往死里整吧，所以不要过度解读，让以后的导演抓住一好题材的时候，不加重审查部门的如临大敌，我觉得这是对中国电影一个善意的态度。其实解读的都是知识分子，这些人是成事不足败事有余的。&lt;/p&gt;&lt;p style=&quot;margin-top: 1em; margin-bottom: 1em; padding: 0px; text-indent: 2em; color: rgb(89, 89, 89); font-family: 宋体, Arial, Helvetica, sans-serif; font-size: 14px; font-variant-ligatures: normal; orphans: 2; white-space: normal; widows: 2; background-color: rgb(255, 255, 255);&quot;&gt;&lt;strong&gt;谢晓：您这样又得罪大批人了。&lt;/strong&gt;&lt;/p&gt;&lt;p style=&quot;margin-top: 1em; margin-bottom: 1em; padding: 0px; text-indent: 2em; color: rgb(89, 89, 89); font-family: 宋体, Arial, Helvetica, sans-serif; font-size: 14px; font-variant-ligatures: normal; orphans: 2; white-space: normal; widows: 2; background-color: rgb(255, 255, 255);&quot;&gt;&lt;strong&gt;冯小刚&lt;/strong&gt;：不，这句话你要帮我写上去！我不怕得罪人，我尤其不怕得罪知识分子。&lt;/p&gt;&lt;p style=&quot;margin-top: 1em; margin-bottom: 1em; padding: 0px; text-indent: 2em; color: rgb(89, 89, 89); font-family: 宋体, Arial, Helvetica, sans-serif; font-size: 14px; font-variant-ligatures: normal; orphans: 2; white-space: normal; widows: 2; background-color: rgb(255, 255, 255);&quot;&gt;&lt;strong&gt;谢晓：您是不是内心一直有一种愤懑，按说您这么大年纪，没想改改这性格？&lt;/strong&gt;&lt;/p&gt;&lt;p style=&quot;margin-top: 1em; margin-bottom: 1em; padding: 0px; text-indent: 2em; color: rgb(89, 89, 89); font-family: 宋体, Arial, Helvetica, sans-serif; font-size: 14px; font-variant-ligatures: normal; orphans: 2; white-space: normal; widows: 2; background-color: rgb(255, 255, 255);&quot;&gt;&lt;strong&gt;冯小刚&lt;/strong&gt;：这就是傻。在我媳妇看来你就是一个傻蛋。别人不说你说，你真不知道为什么别人都不说呀？但这是性格决定的。张国立、陈道明，他们都不遗余力地劝我。可我一发完微博，哎，又没憋住啊。&lt;/p&gt;&lt;p style=&quot;margin-top: 1em; margin-bottom: 1em; padding: 0px; text-indent: 2em; color: rgb(89, 89, 89); font-family: 宋体, Arial, Helvetica, sans-serif; font-size: 14px; font-variant-ligatures: normal; orphans: 2; white-space: normal; widows: 2; background-color: rgb(255, 255, 255);&quot;&gt;&lt;strong&gt;谢晓：又没憋住。去年是不是挺多时候没憋住的？包括那次帮舒淇算不算？&lt;/strong&gt;&lt;/p&gt;&lt;p style=&quot;margin-top: 1em; margin-bottom: 1em; padding: 0px; text-indent: 2em; color: rgb(89, 89, 89); font-family: 宋体, Arial, Helvetica, sans-serif; font-size: 14px; font-variant-ligatures: normal; orphans: 2; white-space: normal; widows: 2; background-color: rgb(255, 255, 255);&quot;&gt;&lt;strong&gt;冯小刚&lt;/strong&gt;：对，那个也是一个。我啊，要不是顾及到，因为她是当事人是吧？我其实要说的话特别多，你知道吗？拍这照片怎么了？你们丫谁没看啊？对吧？你没看你怎么这么愤怒啊？你要看了那你他妈为什么看啊？是吧？这事谁比谁更他妈那什么呀。但是我觉得我一说这些吧，就等于给人家再搁点盐，人家不高兴再说这事儿。我就特别反对对别人进行道德绑架。&lt;/p&gt;&lt;p style=&quot;margin-top: 1em; margin-bottom: 1em; padding: 0px; text-indent: 2em; color: rgb(89, 89, 89); font-family: 宋体, Arial, Helvetica, sans-serif; font-size: 14px; font-variant-ligatures: normal; orphans: 2; white-space: normal; widows: 2; background-color: rgb(255, 255, 255);&quot;&gt;&lt;strong&gt;谢晓：就您每次说完这些尖锐的话之后有没有给你的生活带来困扰啊？&lt;/strong&gt;&lt;/p&gt;&lt;p style=&quot;margin-top: 1em; margin-bottom: 1em; padding: 0px; text-indent: 2em; color: rgb(89, 89, 89); font-family: 宋体, Arial, Helvetica, sans-serif; font-size: 14px; font-variant-ligatures: normal; orphans: 2; white-space: normal; widows: 2; background-color: rgb(255, 255, 255);&quot;&gt;&lt;strong&gt;冯小刚&lt;/strong&gt;：也没有。我觉得你就只是说点你对生活的认识，在道德层面上啊，没人管你。&lt;/p&gt;&lt;p style=&quot;margin-top: 1em; margin-bottom: 1em; padding: 0px; text-indent: 2em; color: rgb(89, 89, 89); font-family: 宋体, Arial, Helvetica, sans-serif; font-size: 14px; font-variant-ligatures: normal; orphans: 2; white-space: normal; widows: 2; background-color: rgb(255, 255, 255);&quot;&gt;&lt;strong&gt;谢晓：您现在有没有什么信仰啊？现在演艺圈很多人要不信佛要不信基督什么的，您信自己？&lt;/strong&gt;&lt;/p&gt;&lt;p style=&quot;margin-top: 1em; margin-bottom: 1em; padding: 0px; text-indent: 2em; color: rgb(89, 89, 89); font-family: 宋体, Arial, Helvetica, sans-serif; font-size: 14px; font-variant-ligatures: normal; orphans: 2; white-space: normal; widows: 2; background-color: rgb(255, 255, 255);&quot;&gt;&lt;strong&gt;冯小刚：&lt;/strong&gt;不是。我觉得人应该是有一个敬畏，有一些底线，这个还真是不一样的。我有时觉得我们的民族是没有底线的。&lt;/p&gt;&lt;p style=&quot;margin-top: 1em; margin-bottom: 1em; padding: 0px; text-indent: 2em; color: rgb(89, 89, 89); font-family: 宋体, Arial, Helvetica, sans-serif; font-size: 14px; font-variant-ligatures: normal; orphans: 2; white-space: normal; widows: 2; background-color: rgb(255, 255, 255);&quot;&gt;&lt;strong&gt;谢晓：就像您也说到那个盗版的问题。&lt;/strong&gt;&lt;/p&gt;&lt;p style=&quot;margin-top: 1em; margin-bottom: 1em; padding: 0px; text-indent: 2em; color: rgb(89, 89, 89); font-family: 宋体, Arial, Helvetica, sans-serif; font-size: 14px; font-variant-ligatures: normal; orphans: 2; white-space: normal; widows: 2; background-color: rgb(255, 255, 255);&quot;&gt;&lt;strong&gt;冯小刚&lt;/strong&gt;：不仅仅是盗版的问题，很多问题。有时候这愤怒本来是值得别人同情的，但你这愤怒就显得特脏。人想同情你，你都……是吧？当然这民族啊，小心眼，不好惹，你也别冒犯。&lt;/p&gt;&lt;p style=&quot;margin-top: 1em; margin-bottom: 1em; padding: 0px; text-indent: 2em; color: rgb(89, 89, 89); font-family: 宋体, Arial, Helvetica, sans-serif; font-size: 14px; font-variant-ligatures: normal; orphans: 2; white-space: normal; widows: 2; background-color: rgb(255, 255, 255);&quot;&gt;&lt;strong&gt;谢晓：那您每次说尖锐的话时有没有一种害怕呀？就怕有些人在暗地里……&lt;/strong&gt;&lt;/p&gt;&lt;p style=&quot;margin-top: 1em; margin-bottom: 1em; padding: 0px; text-indent: 2em; color: rgb(89, 89, 89); font-family: 宋体, Arial, Helvetica, sans-serif; font-size: 14px; font-variant-ligatures: normal; orphans: 2; white-space: normal; widows: 2; background-color: rgb(255, 255, 255);&quot;&gt;&lt;strong&gt;冯小刚&lt;/strong&gt;：没有，我把这种人的心理都给掌握了。他们都是嘴上的功夫。你知道吗？！&lt;/p&gt;&lt;p style=&quot;margin-top: 1em; margin-bottom: 1em; padding: 0px; text-indent: 2em; color: rgb(89, 89, 89); font-family: 宋体, Arial, Helvetica, sans-serif; font-size: 14px; font-variant-ligatures: normal; orphans: 2; white-space: normal; widows: 2; background-color: rgb(255, 255, 255);&quot;&gt;&lt;strong&gt;&lt;span style=&quot;color: rgb(255, 102, 0);&quot;&gt;用一生来拍的作品？&lt;/span&gt;&lt;/strong&gt;&lt;/p&gt;&lt;p style=&quot;margin-top: 1em; margin-bottom: 1em; padding: 0px; text-indent: 2em; color: rgb(89, 89, 89); font-family: 宋体, Arial, Helvetica, sans-serif; font-size: 14px; font-variant-ligatures: normal; orphans: 2; white-space: normal; widows: 2; background-color: rgb(255, 255, 255);&quot;&gt;&lt;strong&gt;&lt;span style=&quot;font-size: large;&quot;&gt;“什么伟大的作品，到点该吃饭了”&lt;/span&gt;&lt;/strong&gt;&lt;/p&gt;&lt;p style=&quot;margin-top: 1em; margin-bottom: 1em; padding: 0px; text-indent: 2em; color: rgb(89, 89, 89); font-family: 宋体, Arial, Helvetica, sans-serif; font-size: 14px; font-variant-ligatures: normal; orphans: 2; white-space: normal; widows: 2; background-color: rgb(255, 255, 255);&quot;&gt;宣传上，《一九四二》是这样一部电影：10台道具箱车，10台服装箱车，11个大小城市取景，在相隔400多公里的数个拍摄点来回奔波，270多个轰炸镜头，70万尺胶卷，超过200小时剪辑素材，最多超过2000名群众演员的大场面，这些数字组成了一部大片。&lt;/p&gt;&lt;p style=&quot;margin-top: 1em; margin-bottom: 1em; padding: 0px; text-indent: 2em; color: rgb(89, 89, 89); font-family: 宋体, Arial, Helvetica, sans-serif; font-size: 14px; font-variant-ligatures: normal; orphans: 2; white-space: normal; widows: 2; background-color: rgb(255, 255, 255);&quot;&gt;实际的拍摄情况是，有群众演员耐不住北方的严寒，偷偷跑了，这时剧组的副导演急得跳脚，举着扩音喇叭大骂“人怎么可以这样”，觉得辜负了冯小刚的理想，冯小刚说，这就叫不通人情，这时最有效的办法就是喊：“中午吃大肉包子！”&lt;/p&gt;&lt;p style=&quot;margin-top: 1em; margin-bottom: 1em; padding: 0px; text-indent: 2em; color: rgb(89, 89, 89); font-family: 宋体, Arial, Helvetica, sans-serif; font-size: 14px; font-variant-ligatures: normal; orphans: 2; white-space: normal; widows: 2; background-color: rgb(255, 255, 255);&quot;&gt;&lt;strong&gt;谢晓：您希望普通观众看完这个片子是一种什么样的反应？&lt;/strong&gt;&lt;/p&gt;&lt;p style=&quot;margin-top: 1em; margin-bottom: 1em; padding: 0px; text-indent: 2em; color: rgb(89, 89, 89); font-family: 宋体, Arial, Helvetica, sans-serif; font-size: 14px; font-variant-ligatures: normal; orphans: 2; white-space: normal; widows: 2; background-color: rgb(255, 255, 255);&quot;&gt;&lt;strong&gt;冯小刚&lt;/strong&gt;：忆苦思甜。&lt;/p&gt;&lt;p style=&quot;margin-top: 1em; margin-bottom: 1em; padding: 0px; text-indent: 2em; color: rgb(89, 89, 89); font-family: 宋体, Arial, Helvetica, sans-serif; font-size: 14px; font-variant-ligatures: normal; orphans: 2; white-space: normal; widows: 2; background-color: rgb(255, 255, 255);&quot;&gt;&lt;strong&gt;谢晓：年轻人能体会得到？&lt;/strong&gt;&lt;/p&gt;&lt;p style=&quot;margin-top: 1em; margin-bottom: 1em; padding: 0px; text-indent: 2em; color: rgb(89, 89, 89); font-family: 宋体, Arial, Helvetica, sans-serif; font-size: 14px; font-variant-ligatures: normal; orphans: 2; white-space: normal; widows: 2; background-color: rgb(255, 255, 255);&quot;&gt;&lt;strong&gt;冯小刚&lt;/strong&gt;：我们做试映的时候，六十人一拨，组了四拨，都是随便在大街上找的，那些年轻人、大学生们，他们的感受就是：我活在今天真是好。这是他们的感受。&lt;/p&gt;&lt;p style=&quot;margin-top: 1em; margin-bottom: 1em; padding: 0px; text-indent: 2em; color: rgb(89, 89, 89); font-family: 宋体, Arial, Helvetica, sans-serif; font-size: 14px; font-variant-ligatures: normal; orphans: 2; white-space: normal; widows: 2; background-color: rgb(255, 255, 255);&quot;&gt;&lt;strong&gt;谢晓：我们采访幕后人员时，很多人说千万不要拍续集，特别苦。这部片子跟以往比，难度是否超乎想象？我指不光是技术和环境上的苦？&lt;/strong&gt;&lt;/p&gt;&lt;p style=&quot;margin-top: 1em; margin-bottom: 1em; padding: 0px; text-indent: 2em; color: rgb(89, 89, 89); font-family: 宋体, Arial, Helvetica, sans-serif; font-size: 14px; font-variant-ligatures: normal; orphans: 2; white-space: normal; widows: 2; background-color: rgb(255, 255, 255);&quot;&gt;&lt;strong&gt;冯小刚&lt;/strong&gt;：反正每一天都有层出不穷的问题，其实好多时候我都不知道发生了这样那样的事，制片主任处理完了才告诉我。当然就这样，他还是需要你，每个部门都要问你这样还是那样，能不能说得更具体，然后你做完决定，所有的都按这准备了，结果到实施的时候出问题，这么多人在那呆着，你不能说今天不拍吧。你得想办法。这个特别焦虑。&lt;/p&gt;&lt;p style=&quot;margin-top: 1em; margin-bottom: 1em; padding: 0px; text-indent: 2em; color: rgb(89, 89, 89); font-family: 宋体, Arial, Helvetica, sans-serif; font-size: 14px; font-variant-ligatures: normal; orphans: 2; white-space: normal; widows: 2; background-color: rgb(255, 255, 255);&quot;&gt;&lt;strong&gt;谢晓：假如十八年前拍成了，跟今天拍的差别会很大吗？&lt;/strong&gt;&lt;/p&gt;&lt;p style=&quot;margin-top: 1em; margin-bottom: 1em; padding: 0px; text-indent: 2em; color: rgb(89, 89, 89); font-family: 宋体, Arial, Helvetica, sans-serif; font-size: 14px; font-variant-ligatures: normal; orphans: 2; white-space: normal; widows: 2; background-color: rgb(255, 255, 255);&quot;&gt;&lt;strong&gt;冯小刚&lt;/strong&gt;：我觉得还是很不一样。我十几年前拍了，资金肯定捉襟见肘，资金直接影响到影片的质感；然后，作为导演对一部这样电影的掌控，创作上的掌控，技术上的掌控，我觉得十几年前跟现在也不可同日而语。剧本在这十几年当中改了很多遍，我都数不清有多少遍，这剧本是这么多年沉淀了，发现问题，沉淀了，又发现问题，最终写成这样。还有一点，这么大的投资，拍了这么一部不是娱乐片的电影，如果没有这十几年我的那些电影，以及我和观众直接建立起来的信赖度，也不能想象。之所以那个时候没拍，可能当时是审查的问题，实际上我觉得也是老天爷的帮助，就是老天爷觉得你没准备好，就不要拍。现在，你准备好了，可以拍了，于是各方面都很配合。&lt;/p&gt;&lt;p style=&quot;margin-top: 1em; margin-bottom: 1em; padding: 0px; text-indent: 2em; color: rgb(89, 89, 89); font-family: 宋体, Arial, Helvetica, sans-serif; font-size: 14px; font-variant-ligatures: normal; orphans: 2; white-space: normal; widows: 2; background-color: rgb(255, 255, 255);&quot;&gt;&lt;strong&gt;谢晓：拍完这部片是不是此生无憾了？&lt;/strong&gt;&lt;/p&gt;&lt;p style=&quot;margin-top: 1em; margin-bottom: 1em; padding: 0px; text-indent: 2em; color: rgb(89, 89, 89); font-family: 宋体, Arial, Helvetica, sans-serif; font-size: 14px; font-variant-ligatures: normal; orphans: 2; white-space: normal; widows: 2; background-color: rgb(255, 255, 255);&quot;&gt;&lt;strong&gt;冯小刚&lt;/strong&gt;：全制作完了以后，心情有一点失落。因为过去有一个梦，这梦伴随着你，让你有很结实的分量，有很值得你拍的这么一个电影。好比说一个人，追求一个女孩，孜孜以求，这女孩到手了，其实不如那没追到手的时候。（我记得您之前就说媳妇是个好媳妇，有点不咸不淡？）尼采有句话叫，得到即空虚。&lt;/p&gt;&lt;p style=&quot;margin-top: 1em; margin-bottom: 1em; padding: 0px; text-indent: 2em; color: rgb(89, 89, 89); font-family: 宋体, Arial, Helvetica, sans-serif; font-size: 14px; font-variant-ligatures: normal; orphans: 2; white-space: normal; widows: 2; background-color: rgb(255, 255, 255);&quot;&gt;&lt;strong&gt;谢晓：但等待的时间是不是真的太长了？&lt;/strong&gt;&lt;/p&gt;&lt;p style=&quot;margin-top: 1em; margin-bottom: 1em; padding: 0px; text-indent: 2em; color: rgb(89, 89, 89); font-family: 宋体, Arial, Helvetica, sans-serif; font-size: 14px; font-variant-ligatures: normal; orphans: 2; white-space: normal; widows: 2; background-color: rgb(255, 255, 255);&quot;&gt;&lt;strong&gt;冯小刚&lt;/strong&gt;：所以这是我们自己都觉得非常骄傲的一件事。十七八年的时间，你想拍的这么一电影，有没有那样的耐心和决心，能够在这十几年当中，什么时候拿起来，什么时候把震云叫来了，再陪着讨论，重新看脉络。十七八年的时间，一个导演非常容易产生一种变化，就是过去你觉得有兴趣的东西，后来你的热情没了，多年不拍，也就放那儿了。一个制片公司，十几年来一次次地筹备，每次都要花钱，况且这么一戏，你还不知道最后的结果是什么。我觉得编剧导演制片公司，能够在这么多年里始终如一地坚持把这事做了，这几乎是不可能的。但是我们把这种不可能变成了可能。人这一辈子真的有这么一两件你坚持要做最后把它做成了的事儿。你让我再拍一个这么费劲的片子，我真是觉得够呛。&lt;/p&gt;&lt;p style=&quot;margin-top: 1em; margin-bottom: 1em; padding: 0px; text-indent: 2em; color: rgb(89, 89, 89); font-family: 宋体, Arial, Helvetica, sans-serif; font-size: 14px; font-variant-ligatures: normal; orphans: 2; white-space: normal; widows: 2; background-color: rgb(255, 255, 255);&quot;&gt;&lt;strong&gt;谢晓：有人说，在大导演中您是最会在资本政治和表达中间进行周旋的，您认为这种评价是正面还是负面？&lt;/strong&gt;&lt;/p&gt;&lt;p style=&quot;margin-top: 1em; margin-bottom: 1em; padding: 0px; text-indent: 2em; color: rgb(89, 89, 89); font-family: 宋体, Arial, Helvetica, sans-serif; font-size: 14px; font-variant-ligatures: normal; orphans: 2; white-space: normal; widows: 2; background-color: rgb(255, 255, 255);&quot;&gt;&lt;strong&gt;冯小刚&lt;/strong&gt;：我无所谓。这个东西跟我没关系，不管别人怎么评价，难道《一九四二》就不是现在拍的这样了吗？好多人特别觉得得奖这事儿重要，那莫言得了诺贝尔奖了，可他没得那奖，他的作品还是那作品，他没有因为这个事儿改变。所以我要是每一个评价都去琢磨的话，第一我不能左右这评价，第二我觉得我尽可能地按照我自己的方式来。当然我觉得人应该学会妥协，听上去是一个挺悲观的词，但实际上不是。妥协是一个大家在一起能够合作的非常必要的基础。没有一件事天下就你第一，能来干这事儿肯定是大家都合适。你不能要求所有人都要委屈自己满足你，也许有这样的人，但我不是，我也不想成为这样的人，我也鄙视这样的人。一将功成万骨枯，我讨厌。因为每个人都有自己的诉求，就像有些导演，特他妈二，我这剧组全都是为了艺术，这就是对人最不了解的。人家场工到这来，就是为了养家来的。扛那灯，谁他妈艺术，跟我有什么关系？有的人，也没要钱，但是他为了挣资历来的。你要大家都不吃饭，大家都饿，我们副导演在那跳脚，“我们拍这么一个伟大的作品……”当然我觉得他们的热情让我很欣慰，但我心里头暗自觉得可笑，什么他妈伟大的作品，到点该吃饭了。&lt;/p&gt;&lt;p style=&quot;margin-top: 1em; margin-bottom: 1em; padding: 0px; text-indent: 2em; color: rgb(89, 89, 89); font-family: 宋体, Arial, Helvetica, sans-serif; font-size: 14px; font-variant-ligatures: normal; orphans: 2; white-space: normal; widows: 2; background-color: rgb(255, 255, 255);&quot;&gt;&lt;strong&gt;&lt;span style=&quot;color: rgb(255, 102, 0);&quot;&gt;与这个世界和解&lt;/span&gt;&lt;/strong&gt;&lt;/p&gt;&lt;p style=&quot;margin-top: 1em; margin-bottom: 1em; padding: 0px; text-indent: 2em; color: rgb(89, 89, 89); font-family: 宋体, Arial, Helvetica, sans-serif; font-size: 14px; font-variant-ligatures: normal; orphans: 2; white-space: normal; widows: 2; background-color: rgb(255, 255, 255);&quot;&gt;&lt;strong&gt;&lt;span style=&quot;font-size: large;&quot;&gt;“和我打交道深的人，都知道我是一个最不会掩饰的人”&lt;/span&gt;&lt;/strong&gt;&lt;/p&gt;&lt;p style=&quot;margin-top: 1em; margin-bottom: 1em; padding: 0px; text-indent: 2em; color: rgb(89, 89, 89); font-family: 宋体, Arial, Helvetica, sans-serif; font-size: 14px; font-variant-ligatures: normal; orphans: 2; white-space: normal; widows: 2; background-color: rgb(255, 255, 255);&quot;&gt;《一九四二》的一款前导海报强烈地吸引了我，黑白两色组成的版画风格图像，是一个半人半虫的形象，张开大嘴，似在乞食，又似乎在呐喊，海报的文案是：“蚂蚱吃庄稼变成了人，人造反，就变成了蚂蚱。”这时，鲁迅的形象跃入脑海，挥之不去。&lt;/p&gt;&lt;p style=&quot;margin-top: 1em; margin-bottom: 1em; padding: 0px; text-indent: 2em; color: rgb(89, 89, 89); font-family: 宋体, Arial, Helvetica, sans-serif; font-size: 14px; font-variant-ligatures: normal; orphans: 2; white-space: normal; widows: 2; background-color: rgb(255, 255, 255);&quot;&gt;不过，冯小刚还是在电影中保持了节制，尽管不满，尽管愤怒，尽管表达的欲望似乎就要喷薄而出，但电影的主人公最终选择了与这个世界和解。“这也是我内心的需求。”他说，“那些曾经恶毒地对过我的人，这人如果热情地跟我打招呼，我不会说，操。我会和解。”&lt;/p&gt;&lt;p style=&quot;margin-top: 1em; margin-bottom: 1em; padding: 0px; text-indent: 2em; color: rgb(89, 89, 89); font-family: 宋体, Arial, Helvetica, sans-serif; font-size: 14px; font-variant-ligatures: normal; orphans: 2; white-space: normal; widows: 2; background-color: rgb(255, 255, 255);&quot;&gt;&lt;strong&gt;谢晓：您刚才说到民族性，很容易让大家想到鲁迅，真的很奇怪，您忽然变成了这样一个呐喊者。&lt;/strong&gt;&lt;/p&gt;&lt;p style=&quot;margin-top: 1em; margin-bottom: 1em; padding: 0px; text-indent: 2em; color: rgb(89, 89, 89); font-family: 宋体, Arial, Helvetica, sans-serif; font-size: 14px; font-variant-ligatures: normal; orphans: 2; white-space: normal; widows: 2; background-color: rgb(255, 255, 255);&quot;&gt;&lt;strong&gt;冯小刚&lt;/strong&gt;：我觉得这和这篇小说很有关系。你说咱们这民族到处都是寺庙，初一抢着烧香，初二都不行，你说这个真有信仰吗？不全是跟那儿做生意的吗？是吧？我给你建一门槛，你给我生一贵子。你说这佛，那心得有多博大呀。你说他要这么小心眼，说你初一不去烧就不帮你了，你还拜来干吗？&lt;/p&gt;&lt;p style=&quot;margin-top: 1em; margin-bottom: 1em; padding: 0px; text-indent: 2em; color: rgb(89, 89, 89); font-family: 宋体, Arial, Helvetica, sans-serif; font-size: 14px; font-variant-ligatures: normal; orphans: 2; white-space: normal; widows: 2; background-color: rgb(255, 255, 255);&quot;&gt;&lt;strong&gt;谢晓：您以前说拍电影是为了名和利。现在名和利都有了，然后到《一九四二》，让我们觉得您名和利的说法……&lt;/strong&gt;&lt;/p&gt;&lt;p style=&quot;margin-top: 1em; margin-bottom: 1em; padding: 0px; text-indent: 2em; color: rgb(89, 89, 89); font-family: 宋体, Arial, Helvetica, sans-serif; font-size: 14px; font-variant-ligatures: normal; orphans: 2; white-space: normal; widows: 2; background-color: rgb(255, 255, 255);&quot;&gt;&lt;strong&gt;冯小刚&lt;/strong&gt;：是这样的，我说我为了艺术干这事，十个人有八个人不信，哪怕我说的是真话。但我要说我真的就是为了名和利，十个人里八个人信。我觉得可能有不为名不为利的人，但我周围接触的，以及在我的经验里，没发现。不为名利？都跟名利挂着勾呢。但我觉得和名利挂勾其实是一好事儿。比如咱俩合作，我首先得知道，你是有利可图才做这事，我才踏实啊。如果你说我就是让你白占便宜，我马上想，有什么东西我没发现呢？这道行太深了，是吧？&lt;/p&gt;&lt;p style=&quot;margin-top: 1em; margin-bottom: 1em; padding: 0px; text-indent: 2em; color: rgb(89, 89, 89); font-family: 宋体, Arial, Helvetica, sans-serif; font-size: 14px; font-variant-ligatures: normal; orphans: 2; white-space: normal; widows: 2; background-color: rgb(255, 255, 255);&quot;&gt;&lt;strong&gt;谢晓：其实早年大家一直定位您为市民导演，票房特别好，但捞不到奖项，所以以前也有一种想法要证明给大家看？&lt;/strong&gt;&lt;/p&gt;&lt;p style=&quot;margin-top: 1em; margin-bottom: 1em; padding: 0px; text-indent: 2em; color: rgb(89, 89, 89); font-family: 宋体, Arial, Helvetica, sans-serif; font-size: 14px; font-variant-ligatures: normal; orphans: 2; white-space: normal; widows: 2; background-color: rgb(255, 255, 255);&quot;&gt;&lt;strong&gt;冯小刚&lt;/strong&gt;：应该有吧。比如说拍《夜宴》，大家说你不会拍大电影。我心说我是画画出身，你要说画面，我比你还厉害。我可以拍一个，所以拍一个《夜宴》，证明我可以拍大的制作。当然那段都过去了……其实这个“市民导演”也是别人给我封的，我觉得挺好，这是一个挺高的评价。（真正从什么时候开始真的不在意了？）《集结号》以后吧。&lt;/p&gt;&lt;p style=&quot;margin-top: 1em; margin-bottom: 1em; padding: 0px; text-indent: 2em; color: rgb(89, 89, 89); font-family: 宋体, Arial, Helvetica, sans-serif; font-size: 14px; font-variant-ligatures: normal; orphans: 2; white-space: normal; widows: 2; background-color: rgb(255, 255, 255);&quot;&gt;&lt;strong&gt;谢晓：《集结号》算不算真正把您的地位确立了？圈里不再像以前那么小看您了？&lt;/strong&gt;&lt;/p&gt;&lt;p style=&quot;margin-top: 1em; margin-bottom: 1em; padding: 0px; text-indent: 2em; color: rgb(89, 89, 89); font-family: 宋体, Arial, Helvetica, sans-serif; font-size: 14px; font-variant-ligatures: normal; orphans: 2; white-space: normal; widows: 2; background-color: rgb(255, 255, 255);&quot;&gt;&lt;strong&gt;冯小刚&lt;/strong&gt;：不是吧。其实整个行业也没有地位。我觉得真正确定你的地位其实还是观众呐，还是我那三部贺岁片。&lt;/p&gt;&lt;p style=&quot;margin-top: 1em; margin-bottom: 1em; padding: 0px; text-indent: 2em; color: rgb(89, 89, 89); font-family: 宋体, Arial, Helvetica, sans-serif; font-size: 14px; font-variant-ligatures: normal; orphans: 2; white-space: normal; widows: 2; background-color: rgb(255, 255, 255);&quot;&gt;&lt;strong&gt;谢晓：最早您拍贺岁喜剧也是被迫的吧？就是被审查掉的那几部之后……&lt;/strong&gt;&lt;/p&gt;&lt;p style=&quot;margin-top: 1em; margin-bottom: 1em; padding: 0px; text-indent: 2em; color: rgb(89, 89, 89); font-family: 宋体, Arial, Helvetica, sans-serif; font-size: 14px; font-variant-ligatures: normal; orphans: 2; white-space: normal; widows: 2; background-color: rgb(255, 255, 255);&quot;&gt;&lt;strong&gt;冯小刚&lt;/strong&gt;：不是被迫，是生存的需要。然后我觉得生活对我挺厚道，这条路走出来了。所有这些片子，最后，也许它就是为了《一九四二》做的准备。除了内心的成长，对生活认识的提高，还有观众和市场对你的认可。如果没有这样强有力的认可，怎么可能有这么一部片子，投资两亿，那不成自杀了吗？&lt;/p&gt;&lt;p style=&quot;margin-top: 1em; margin-bottom: 1em; padding: 0px; text-indent: 2em; color: rgb(89, 89, 89); font-family: 宋体, Arial, Helvetica, sans-serif; font-size: 14px; font-variant-ligatures: normal; orphans: 2; white-space: normal; widows: 2; background-color: rgb(255, 255, 255);&quot;&gt;&lt;strong&gt;谢晓：恕我直言，从《夜宴》开始，到《集结号》，再到《一九四二》，您分明对自己有更高的期许，有点……文化精英，到底哪一面你自己占得更多一点？&lt;/strong&gt;&lt;/p&gt;&lt;p style=&quot;margin-top: 1em; margin-bottom: 1em; padding: 0px; text-indent: 2em; color: rgb(89, 89, 89); font-family: 宋体, Arial, Helvetica, sans-serif; font-size: 14px; font-variant-ligatures: normal; orphans: 2; white-space: normal; widows: 2; background-color: rgb(255, 255, 255);&quot;&gt;&lt;strong&gt;冯小刚：&lt;/strong&gt;我没变化，认识我的人从认识我那天到现在就没什么变化，我一直就是这样的，和我打交道深的人，都知道我是一个最不会掩饰的人，然后我的骨子里是愿意和这个世界达成和解的，从《集结号》的结局，到《唐山大地震》的结局，包括这个的结局，老东家领着那个小孙子，这三个人物都是在他们的身上发生了非常重大的事，都陷入到绝境当中，但是最后都和世界达成了和解，这种和解，也是我内心的需求。我对人不会恶毒，就那些曾经恶毒地对过我的人，这人如果热情地跟我打一招呼，我不会说，操，我不理你。不是这样的，我马上会觉得内心有一种温暖，这就是我的本心。&lt;/p&gt;&lt;p style=&quot;margin-top: 1em; margin-bottom: 1em; padding: 0px; text-indent: 2em; color: rgb(89, 89, 89); font-family: 宋体, Arial, Helvetica, sans-serif; font-size: 14px; font-variant-ligatures: normal; orphans: 2; white-space: normal; widows: 2; background-color: rgb(255, 255, 255);&quot;&gt;&lt;strong&gt;谢晓：您有劝刘震云跟这个世界和解吗？&lt;/strong&gt;&lt;/p&gt;&lt;p style=&quot;margin-top: 1em; margin-bottom: 1em; padding: 0px; text-indent: 2em; color: rgb(89, 89, 89); font-family: 宋体, Arial, Helvetica, sans-serif; font-size: 14px; font-variant-ligatures: normal; orphans: 2; white-space: normal; widows: 2; background-color: rgb(255, 255, 255);&quot;&gt;&lt;strong&gt;冯小刚&lt;/strong&gt;：其实啊，刘震云跟这个世界勾连得比我紧密得多。&lt;/p&gt;&lt;p style=&quot;margin-top: 1em; margin-bottom: 1em; padding: 0px; text-indent: 2em; color: rgb(89, 89, 89); font-family: 宋体, Arial, Helvetica, sans-serif; font-size: 14px; font-variant-ligatures: normal; orphans: 2; white-space: normal; widows: 2; background-color: rgb(255, 255, 255);&quot;&gt;&lt;strong&gt;谢晓：上次您写微博说拍这片的时候特别劳心劳力，有一种想退休的感觉。感觉其实您提到退休这个想法也不是最近的事儿了。我记得好几次跟您做采访都有说过，说退休后的生活。但这次这么累，您算是被迫的吗&lt;/strong&gt;&lt;/p&gt;&lt;p style=&quot;margin-top: 1em; margin-bottom: 1em; padding: 0px; text-indent: 2em; color: rgb(89, 89, 89); font-family: 宋体, Arial, Helvetica, sans-serif; font-size: 14px; font-variant-ligatures: normal; orphans: 2; white-space: normal; widows: 2; background-color: rgb(255, 255, 255);&quot;&gt;&lt;strong&gt;冯小刚：&lt;/strong&gt;没有。现在谁能强迫你干什么事啊。我干什么都是我自己的意愿，没有人能强迫我。确实有的时候，特别累的时候，觉得自己有点自讨苦吃。你这个事完了，就要想下一个，又懒得放到电脑上做，然后你就觉得什么事儿都没有意思，就喝酒去，或者是画画。我是一个比较随着自己的性情过日子的人。没有什么规划，也没有什么特别明确的目标，都是此一时彼一时。所以你说我这样的人能够十几年坚持拍电影，我自己都觉得是不可思议的一件事。&lt;/p&gt;&lt;p style=&quot;margin-top: 1em; margin-bottom: 1em; padding: 0px; text-indent: 2em; color: rgb(89, 89, 89); font-family: 宋体, Arial, Helvetica, sans-serif; font-size: 14px; font-variant-ligatures: normal; orphans: 2; white-space: normal; widows: 2; background-color: rgb(255, 255, 255);&quot;&gt;&lt;strong&gt;谢晓：您是在调侃自己吧？&lt;/strong&gt;&lt;/p&gt;&lt;p style=&quot;margin-top: 1em; margin-bottom: 1em; padding: 0px; text-indent: 2em; color: rgb(89, 89, 89); font-family: 宋体, Arial, Helvetica, sans-serif; font-size: 14px; font-variant-ligatures: normal; orphans: 2; white-space: normal; widows: 2; background-color: rgb(255, 255, 255);&quot;&gt;&lt;strong&gt;冯小刚：&lt;/strong&gt;我真的是这样，今天想退休，过两年又觉得想拍电影了。我不是那种深思熟虑地说出一句话来，有些人掷地有声，然后驷马难追，我不是这种人。&lt;/p&gt;&lt;p style=&quot;margin-top: 1em; margin-bottom: 1em; padding: 0px; text-indent: 2em; color: rgb(89, 89, 89); font-family: 宋体, Arial, Helvetica, sans-serif; font-size: 14px; font-variant-ligatures: normal; orphans: 2; white-space: normal; widows: 2; background-color: rgb(255, 255, 255);&quot;&gt;&lt;strong&gt;&lt;span style=&quot;color: rgb(255, 102, 0);&quot;&gt;华谊电影的“去冯小刚化”？&lt;/span&gt;&lt;/strong&gt;&lt;/p&gt;&lt;p style=&quot;margin-top: 1em; margin-bottom: 1em; padding: 0px; text-indent: 2em; color: rgb(89, 89, 89); font-family: 宋体, Arial, Helvetica, sans-serif; font-size: 14px; font-variant-ligatures: normal; orphans: 2; white-space: normal; widows: 2; background-color: rgb(255, 255, 255);&quot;&gt;&lt;strong&gt;&lt;span style=&quot;font-size: large;&quot;&gt;“我会觉得肩上的担子终于轻了点”&lt;/span&gt;&lt;/strong&gt;&lt;/p&gt;&lt;p style=&quot;margin-top: 1em; margin-bottom: 1em; padding: 0px; text-indent: 2em; color: rgb(89, 89, 89); font-family: 宋体, Arial, Helvetica, sans-serif; font-size: 14px; font-variant-ligatures: normal; orphans: 2; white-space: normal; widows: 2; background-color: rgb(255, 255, 255);&quot;&gt;在冯小刚成为华谊金字招牌很久以后，王中磊想过这个问题：华谊不是最早和他合作的，也不是资金最雄厚的，甚至一度也曾有过嫌隙，为什么冯小刚最终选择了华谊。他的答案是，大多数投资人跟冯小刚见面都会说：“哥们先吃饭呗。”只有王中军和王中磊上来就问：“预算多少？”这种差别，让华谊成为中国民营影视公司里公司化程度最高的，今年贺岁档之前，在没有冯小刚的情况下，华谊以《画皮Ⅱ》斩获中国电影史上的最高票房，似乎证明了华谊转型的阶段性成功，然而冯小刚在微博上的一句想退休，仍然能立刻让华谊股价下行。苹果在失去乔布斯后仍然能保持高销量，但似乎正在走向庸常，那么，如果华谊没有了冯小刚呢？&lt;/p&gt;&lt;p style=&quot;margin-top: 1em; margin-bottom: 1em; padding: 0px; text-indent: 2em; color: rgb(89, 89, 89); font-family: 宋体, Arial, Helvetica, sans-serif; font-size: 14px; font-variant-ligatures: normal; orphans: 2; white-space: normal; widows: 2; background-color: rgb(255, 255, 255);&quot;&gt;&lt;strong&gt;谢晓：《一九四二》算不算您商业考量最少的一部电影？&lt;/strong&gt;&lt;/p&gt;&lt;p style=&quot;margin-top: 1em; margin-bottom: 1em; padding: 0px; text-indent: 2em; color: rgb(89, 89, 89); font-family: 宋体, Arial, Helvetica, sans-serif; font-size: 14px; font-variant-ligatures: normal; orphans: 2; white-space: normal; widows: 2; background-color: rgb(255, 255, 255);&quot;&gt;&lt;strong&gt;冯小刚&lt;/strong&gt;：应该是……但你怎么说一部电影是不是商业片？在我看啊，你拍了一部商业片，不卖钱它就不是商业片，你拍一部文艺片，卖钱了，它就是商业片。对不对？你说《辛德勒的名单》，它就是商业片，因为它很卖钱。但是斯皮尔伯格在拍的时候有没有拼命去考虑商业元素？没有。电影，我一直强调有两大功能、两个价值。一个是认识价值一个是娱乐价值，这俩你最起码要占一个，想俩都占是非常难的一件事。那这个电影（《一九四二》）首先是一个认识价值，这帮助我们认识自己的民族。中国电影我觉得也确实到了这么一个挺危险的时候，观众也确实看到了，好电影特别少，大部分我感觉都千篇一律。古装片找的就那俩造型师，不是张叔平就是叶锦添，反正就那样。看片花就知道到底是哪个。电影还是要触碰我们的生活，和我们的历史、民族。&lt;/p&gt;&lt;p style=&quot;margin-top: 1em; margin-bottom: 1em; padding: 0px; text-indent: 2em; color: rgb(89, 89, 89); font-family: 宋体, Arial, Helvetica, sans-serif; font-size: 14px; font-variant-ligatures: normal; orphans: 2; white-space: normal; widows: 2; background-color: rgb(255, 255, 255);&quot;&gt;&lt;strong&gt;谢晓：您这次一直不愿意估《一九四二》的票房，为什么？&lt;/strong&gt;&lt;/p&gt;&lt;p style=&quot;margin-top: 1em; margin-bottom: 1em; padding: 0px; text-indent: 2em; color: rgb(89, 89, 89); font-family: 宋体, Arial, Helvetica, sans-serif; font-size: 14px; font-variant-ligatures: normal; orphans: 2; white-space: normal; widows: 2; background-color: rgb(255, 255, 255);&quot;&gt;&lt;strong&gt;冯小刚&lt;/strong&gt;：那样就转移了注意力，我觉得这个电影的核心价值不是票房。当然，票房有一个最大的说服力就是，能有那么高票房，说明有这么多人愿意去看这个电影。但往往我们一说票房，就容易被曲解成掉钱眼里头了。再有，票房这事对我来说，我每年都这么高，我就不害这事了。当然我也不会期望这片子卖得少，那也不正常。我是说，要是票房败一回，也不影响我的地位，是吧？我希望这个戏如果赚了钱，会使投资人的眼界宽一点，不要老盯着几个明星，老盯着翻来覆去那几个故事。其实《集结号》和《唐山大地震》都已经可以刺激到很多制片人，但我发现他们并没有因为这个就敢真的签约，他们把这归结为是冯小刚拍的，其实不是这样的。你应该相信，观众跟我非亲非故，凭什么捧我的场？有意思，好看，这是最重要的。拍不好看，观众照样笑你，没人有义务咬牙还得说你好，因为他要从兜里头把这真金白银拿出来去买电影票，这对工薪阶层来说也是负担。&lt;/p&gt;&lt;p style=&quot;margin-top: 1em; margin-bottom: 1em; padding: 0px; text-indent: 2em; color: rgb(89, 89, 89); font-family: 宋体, Arial, Helvetica, sans-serif; font-size: 14px; font-variant-ligatures: normal; orphans: 2; white-space: normal; widows: 2; background-color: rgb(255, 255, 255);&quot;&gt;&lt;strong&gt;谢晓：您不断提到华谊特别支持您，其实两亿多对一个上市公司来说，不算很多吧？&lt;/strong&gt;&lt;/p&gt;&lt;p style=&quot;margin-top: 1em; margin-bottom: 1em; padding: 0px; text-indent: 2em; color: rgb(89, 89, 89); font-family: 宋体, Arial, Helvetica, sans-serif; font-size: 14px; font-variant-ligatures: normal; orphans: 2; white-space: normal; widows: 2; background-color: rgb(255, 255, 255);&quot;&gt;&lt;strong&gt;冯小刚&lt;/strong&gt;：不是。我问中军，如果这片在票房上有特别大的闪失，意味着什么？他说那就意味着你作为上市公司，经营决策有重大瑕疵，现在就中国市场的水平，拿出两亿多人民币去拍一个电影，要到五六亿才能打平，风险是非常大的。这戏如果没通过，它起码三个跌停，就这样。今年除了《画皮Ⅱ》谁上过三亿？所以说我认为华谊兄弟承担了很大的风险，这里头带着点性情的东西，纯从经营的角度来说，他可以说这事你找别人去。所以他在决定干这事儿的时候，他一定做好了这事儿赔钱的准备，他怎么调动其他的板块，怎么来弥补这个业绩的损失，所以我觉得中军是这样想的：冯小刚这么想干这事儿，咱就叫上王中磊，把他这心愿给了了，反正他也给公司挣了那么多钱，就圆了他这梦得了，咱要能挣钱就算咱业绩好，不挣钱也认了。上的时候就这么决定的。&lt;/p&gt;&lt;p style=&quot;margin-top: 1em; margin-bottom: 1em; padding: 0px; text-indent: 2em; color: rgb(89, 89, 89); font-family: 宋体, Arial, Helvetica, sans-serif; font-size: 14px; font-variant-ligatures: normal; orphans: 2; white-space: normal; widows: 2; background-color: rgb(255, 255, 255);&quot;&gt;&lt;strong&gt;谢晓：那对您来说这会不会是一种压力？至少欠了人情。&lt;/strong&gt;&lt;/p&gt;&lt;p style=&quot;margin-top: 1em; margin-bottom: 1em; padding: 0px; text-indent: 2em; color: rgb(89, 89, 89); font-family: 宋体, Arial, Helvetica, sans-serif; font-size: 14px; font-variant-ligatures: normal; orphans: 2; white-space: normal; widows: 2; background-color: rgb(255, 255, 255);&quot;&gt;&lt;strong&gt;冯小刚&lt;/strong&gt;：欠人情我觉得不是压力，因为你是感动。然后我有能力，就是说，即便这部戏有闪失，我也有能力把这个损失给补回来，这是肯定的。&lt;/p&gt;&lt;p style=&quot;margin-top: 1em; margin-bottom: 1em; padding: 0px; text-indent: 2em; color: rgb(89, 89, 89); font-family: 宋体, Arial, Helvetica, sans-serif; font-size: 14px; font-variant-ligatures: normal; orphans: 2; white-space: normal; widows: 2; background-color: rgb(255, 255, 255);&quot;&gt;&lt;strong&gt;谢晓：您这些年一直表示想退休，不知跟两位王总是否达成过某种共识呢？&lt;/strong&gt;&lt;/p&gt;&lt;p style=&quot;margin-top: 1em; margin-bottom: 1em; padding: 0px; text-indent: 2em; color: rgb(89, 89, 89); font-family: 宋体, Arial, Helvetica, sans-serif; font-size: 14px; font-variant-ligatures: normal; orphans: 2; white-space: normal; widows: 2; background-color: rgb(255, 255, 255);&quot;&gt;&lt;strong&gt;冯小刚&lt;/strong&gt;：我觉得一个作坊，你可以说是我冯小刚扛着，但华谊现在是一个上市公司，现代企业，盈利必须是多点的。不可能孤注一掷，否则这个安全性就太差了。&lt;/p&gt;&lt;p style=&quot;margin-top: 1em; margin-bottom: 1em; padding: 0px; text-indent: 2em; color: rgb(89, 89, 89); font-family: 宋体, Arial, Helvetica, sans-serif; font-size: 14px; font-variant-ligatures: normal; orphans: 2; white-space: normal; widows: 2; background-color: rgb(255, 255, 255);&quot;&gt;&lt;strong&gt;谢晓：今年《画皮Ⅱ》成绩好，财经媒体也在提华谊公司的三季报与冯小刚没关系，“去冯小刚化”云云，华谊这些年也签了很多新导演，那作为您个人会不会觉得受冷落了或自豪感没以前那么强了？&lt;/strong&gt;&lt;/p&gt;&lt;p style=&quot;margin-top: 1em; margin-bottom: 1em; padding: 0px; text-indent: 2em; color: rgb(89, 89, 89); font-family: 宋体, Arial, Helvetica, sans-serif; font-size: 14px; font-variant-ligatures: normal; orphans: 2; white-space: normal; widows: 2; background-color: rgb(255, 255, 255);&quot;&gt;&lt;strong&gt;冯小刚&lt;/strong&gt;：没有，我会觉得肩上的担子终于轻了点（笑）。（可以退休了？）倒不是说退休，一个公司特别红火，这帮导演谁都好，如我是主力，就像一个足球队似的，你说广州的孔卡，他肯定希望你再多引进点好外援来，几条线都有配合，都有支撑，你不能所有都指着我，谁也玩不转这事啊。你说让我挑起这么大的一个公司，上千号人等着发工资，那我他妈压力太大了！&lt;/p&gt;&lt;p style=&quot;margin-top: 1em; margin-bottom: 1em; padding: 0px; text-indent: 2em; color: rgb(89, 89, 89); font-family: 宋体, Arial, Helvetica, sans-serif; font-size: 14px; font-variant-ligatures: normal; orphans: 2; white-space: normal; widows: 2; background-color: rgb(255, 255, 255);&quot;&gt;&lt;strong&gt;谢晓：您现在还有没有可能再签别的公司啊？如果人家比华谊出钱更多。&lt;/strong&gt;&lt;/p&gt;&lt;p style=&quot;margin-top: 1em; margin-bottom: 1em; padding: 0px; text-indent: 2em; color: rgb(89, 89, 89); font-family: 宋体, Arial, Helvetica, sans-serif; font-size: 14px; font-variant-ligatures: normal; orphans: 2; white-space: normal; widows: 2; background-color: rgb(255, 255, 255);&quot;&gt;&lt;strong&gt;冯小刚&lt;/strong&gt;：没有可能。我们之间有默契，然后不是一年两年的交情在这，是有啥事都可商量。抛掉江湖义气不说，华谊这个团队目前没有比它能力更强的吧，当然这并不意味着有一能力超它的我就可以去。这么多年了，另外我拍完这四部是否差不多了？有时想很多导演，像吴宇森60多岁了吧，吴天明、张艺谋啊凯歌啊，好像他们都没问题啊，想拍都可以拍。按他们来看，我才54岁，到60还有6年。我这人吧，不愁吃喝后差不多就行，如果这事特有乐趣就干，如果老让你头疼让你烦就我目前这阶段那歇着吧。比如我跟华谊说，今年特累明年想休一年，没问题。&lt;/p&gt;&lt;p&gt;&lt;br/&gt;&lt;/p&gt;', '1494177267', '', '七巧综艺', 2, '南都娱乐', 1, '冯小刚|中国电影|', 4, '2017-05-08/20170508011427.jpg');
INSERT INTO `qiq_information` (`id`, `news_title`, `news_summary`, `news_content`, `news_time`, `news_type`, `author`, `news_visit`, `news_source`, `is_send`, `news_keywords`, `blockid`, `news_img`) VALUES
(9, '《高能》开战 张一山成国产007与杨紫同框互掐', '少年团史无前例的迎来小姐姐搭档，而张一山与“亲姐”杨紫的组合令人惊喜，姐弟俩同框互掐，好戏不断！', '&lt;p&gt;&lt;img src=&quot;/ueditor/php/upload/image/20170508/1494177449143855.jpg&quot; title=&quot;1494177449143855.jpg&quot;/&gt;&lt;/p&gt;&lt;p style=&quot;text-align: center;&quot;&gt;&lt;span style=&quot;font-family: &amp;#39;Microsoft Yahei&amp;#39;, Simsun; font-size: 12px; font-variant-ligatures: normal; orphans: 2; widows: 2;&quot;&gt;张一山杨紫综艺同框&lt;/span&gt;&lt;/p&gt;&lt;p&gt;&lt;img src=&quot;/ueditor/php/upload/image/20170508/1494177449157926.jpg&quot; title=&quot;1494177449157926.jpg&quot;/&gt;&lt;/p&gt;&lt;p style=&quot;text-align: center;&quot;&gt;&lt;span style=&quot;font-family: &amp;#39;Microsoft Yahei&amp;#39;, Simsun; font-size: 12px; font-variant-ligatures: normal; orphans: 2; widows: 2;&quot;&gt;张一山泪眼迷离&lt;/span&gt;&lt;/p&gt;&lt;p style=&quot;margin-top: 0px; margin-bottom: 20px; padding: 0px; line-height: 32px; font-size: 18px; font-family: &amp;#39;Microsoft Yahei&amp;#39;, Simsun; font-variant-ligatures: normal; orphans: 2; white-space: normal; widows: 2;&quot;&gt;新浪娱乐讯 浙江卫视大型偶像对抗挑战类真人秀节目《高能少年团》自开播以来，以其“清流”之姿圈粉无数。昨晚（5月6日）20：30“人生十二课”开讲第六节“电影课”，少年团史无前例的迎来小姐姐搭档，张一山&lt;a target=&quot;_blank&quot; href=&quot;http://weibo.com/1776845763?zw=ent&quot; class=&quot;wt_article_link&quot; style=&quot;text-decoration: none; outline: none; -webkit-tap-highlight-color: rgba(0, 0, 0, 0); color: rgb(204, 0, 0);&quot;&gt;[微博]&lt;/a&gt;携手兄弟团回归专长领域，与五位“美少女战士”联手挑战特工角色。而张一山与“亲姐”杨紫&lt;a target=&quot;_blank&quot; href=&quot;http://weibo.com/1227368500?zw=ent&quot; class=&quot;wt_article_link&quot; style=&quot;text-decoration: none; outline: none; -webkit-tap-highlight-color: rgba(0, 0, 0, 0); color: rgb(204, 0, 0);&quot;&gt;[微博]&lt;/a&gt;的组合令人惊喜，姐弟俩同框互掐，好戏不断！&lt;/p&gt;&lt;p style=&quot;margin-top: 0px; margin-bottom: 20px; padding: 0px; line-height: 32px; font-size: 18px; font-family: &amp;#39;Microsoft Yahei&amp;#39;, Simsun; font-variant-ligatures: normal; orphans: 2; white-space: normal; widows: 2;&quot;&gt;&lt;strong&gt;　　“欢喜姐弟“ 再次同框 张一山遭“亲姐”爆猛料&lt;/strong&gt;&lt;/p&gt;&lt;p style=&quot;margin-top: 0px; margin-bottom: 20px; padding: 0px; line-height: 32px; font-size: 18px; font-family: &amp;#39;Microsoft Yahei&amp;#39;, Simsun; font-variant-ligatures: normal; orphans: 2; white-space: normal; widows: 2;&quot;&gt;　　《高能少能团》本期由五位“美少女战士”做少年团的搭档，队长张一山与“亲姐”杨紫的速配，简直燃爆。这对“欢喜姐弟”再次同框，刚一见面，张一山就狂呼“这节目我不录了”，但杨紫并不意外，想必这种画面也是常态。虽然是玩笑话，但言语中藏着的兴奋还是看出了张一山与杨紫的深厚情谊，真是应了一句话“有一种姐弟叫杨紫张一山”。两人的默契配合和眼神交流，散发着满满的亲情感，这要溢出荧幕的感情让观众直呼“时光再久，友情常存”。不过美好总是短暂的，杨紫在节目中爆张一山猛料，不打不闹不热闹，两人组团搞怪，笑倒一片观众！&lt;/p&gt;&lt;p style=&quot;margin-top: 0px; margin-bottom: 20px; padding: 0px; line-height: 32px; font-size: 18px; font-family: &amp;#39;Microsoft Yahei&amp;#39;, Simsun; font-variant-ligatures: normal; orphans: 2; white-space: normal; widows: 2;&quot;&gt;　　《高能少年团》播出六期以来，少年团的兄弟们一期一步的成长令人感动。他们从起初见面时的小尴尬，到现在“兄弟齐心，其利断金”的默契。几期节目下来，大家不只感情越来越好，个人实力也越来越凸显。身为队长的张一山，他的多才多艺总是能给观众带来惊喜。在节目中，张一山的力量值、勇气值、责任担当，还有不为人知的“宠甜”技能，以及“山妈”实力派演唱《摇篮曲》，隐藏技能被全面触发。&lt;/p&gt;&lt;p style=&quot;margin-top: 0px; margin-bottom: 20px; padding: 0px; line-height: 32px; font-size: 18px; font-family: &amp;#39;Microsoft Yahei&amp;#39;, Simsun; font-variant-ligatures: normal; orphans: 2; white-space: normal; widows: 2;&quot;&gt;&lt;strong&gt;　　张一山生日玩直播 实力宠粉公益孝心两不误&lt;/strong&gt;&lt;/p&gt;&lt;p style=&quot;margin-top: 0px; margin-bottom: 20px; padding: 0px; line-height: 32px; font-size: 18px; font-family: &amp;#39;Microsoft Yahei&amp;#39;, Simsun; font-variant-ligatures: normal; orphans: 2; white-space: normal; widows: 2;&quot;&gt;　　本周五是张一山25岁的生日，常年奔波于剧组之间，忙于工作的他，为了答谢心爱的粉丝，还是克服时间困难，用直播的方式和粉丝互动。直播中，张一山穿着《高能少年团》的团服，双眼通红，看上去有些疲惫，惹粉丝心疼。今年生日，张一山依旧坚持做公益，他受邀成为了“加油一起成长”的爱心活动大使，成为一名月捐人，身体力行的感染着身边的每一个人。&lt;/p&gt;&lt;p style=&quot;margin-top: 0px; margin-bottom: 20px; padding: 0px; line-height: 32px; font-size: 18px; font-family: &amp;#39;Microsoft Yahei&amp;#39;, Simsun; font-variant-ligatures: normal; orphans: 2; white-space: normal; widows: 2;&quot;&gt;　　此外，张一山生日当天也收到了众多圈内好友的祝福，除了兄弟团，还有“姐姐”杨紫在凌晨第一时间的生日问候，并附文“最珍贵的朋友”，网友表示“这波友情狗粮，我们服！”25岁的生日，除了坚持这份公益心之外，他还许愿2018年年底要放假陪父母去旅游。在“我长大，您未老。我有力回报，您仍然健康”的时候，是该好好陪伴他们了。&lt;/p&gt;&lt;p&gt;&lt;br/&gt;&lt;/p&gt;', '1494177496', '', '七巧综艺', 0, '新浪娱乐', 1, '张一山|杨紫|高能少能团|', 1, '2017-05-08/20170508011816.jpg'),
(10, '《来吧冠军2》再战女排 何炅控场贾乃亮宋茜领航', '首期节目，荣誉队长贾乃亮和新晋队长宋茜联手集结“复仇者联盟队”再战中国女排。', '&lt;p&gt;&lt;span style=&quot;color: rgb(102, 102, 102); font-family: &amp;#39;Microsoft Yahei&amp;#39;, Simsun; font-variant-ligatures: normal; orphans: 2; white-space: pre-wrap; widows: 2;&quot;&gt;首期节目，荣誉队长贾乃亮和新晋队长宋茜联手集结“复仇者联盟队”再战中国女排。&lt;/span&gt;&lt;/p&gt;&lt;p&gt;&lt;span style=&quot;color: rgb(102, 102, 102); font-family: &amp;#39;Microsoft Yahei&amp;#39;, Simsun; font-variant-ligatures: normal; orphans: 2; white-space: pre-wrap; widows: 2;&quot;&gt;&lt;/span&gt;&lt;/p&gt;&lt;p&gt;&lt;img src=&quot;/ueditor/php/upload/image/20170508/1494177722128781.jpg&quot; title=&quot;1494177722128781.jpg&quot;/&gt;&lt;/p&gt;&lt;p&gt;&lt;img src=&quot;/ueditor/php/upload/image/20170508/1494177722140167.jpg&quot; title=&quot;1494177722140167.jpg&quot;/&gt;&lt;/p&gt;&lt;p style=&quot;margin-top: 0px; margin-bottom: 20px; padding: 0px; line-height: 32px; font-size: 18px; font-family: &amp;#39;Microsoft Yahei&amp;#39;, Simsun; font-variant-ligatures: normal; orphans: 2; white-space: normal; widows: 2;&quot;&gt;新浪娱乐讯 浙江卫视&lt;a target=&quot;_blank&quot; href=&quot;http://weibo.com/1288369910?zw=ent&quot; class=&quot;wt_article_link&quot; style=&quot;text-decoration: none; outline: none; -webkit-tap-highlight-color: rgba(0, 0, 0, 0); color: rgb(204, 0, 0);&quot;&gt;[微博]&lt;/a&gt;大型励志竞技体育节目《来吧冠军2》5月7日（本周日）22：00热血回归。新一季节目中，何炅&lt;a target=&quot;_blank&quot; href=&quot;http://weibo.com/1195230310?zw=ent&quot; class=&quot;wt_article_link&quot; style=&quot;text-decoration: none; outline: none; -webkit-tap-highlight-color: rgba(0, 0, 0, 0); color: rgb(204, 0, 0);&quot;&gt;[微博]&lt;/a&gt;继续担纲任性仲裁，判罚原则还是“公不公平看心情”。首期节目，荣誉队长贾乃亮&lt;a target=&quot;_blank&quot; href=&quot;http://weibo.com/1214435497?zw=ent&quot; class=&quot;wt_article_link&quot; style=&quot;text-decoration: none; outline: none; -webkit-tap-highlight-color: rgba(0, 0, 0, 0); color: rgb(204, 0, 0);&quot;&gt;[微博]&lt;/a&gt;和新晋队长宋茜&lt;a target=&quot;_blank&quot; href=&quot;http://weibo.com/2902408801?zw=ent&quot; class=&quot;wt_article_link&quot; style=&quot;text-decoration: none; outline: none; -webkit-tap-highlight-color: rgba(0, 0, 0, 0); color: rgb(204, 0, 0);&quot;&gt;[微博]&lt;/a&gt;联手集结“复仇者联盟队”再战中国女排。&lt;/p&gt;&lt;p style=&quot;margin-top: 0px; margin-bottom: 20px; padding: 0px; line-height: 32px; font-size: 18px; font-family: &amp;#39;Microsoft Yahei&amp;#39;, Simsun; font-variant-ligatures: normal; orphans: 2; white-space: normal; widows: 2;&quot;&gt;　　为了再次迎战中国女排，终结者队当然会准备充足，他们请来了“沙排皇后”张柏芝、阳光活力的魏大勋以及冷峻帅气的Luu brothers（刘氏三兄弟）共同组成终结者队。一方面有着强劲队友加盟，另一方面也有大规则和升级道具的帮助，不知道这一次贾乃亮、宋茜领衔的终结者队能否挑战成功？&lt;/p&gt;&lt;p style=&quot;margin-top: 0px; margin-bottom: 20px; padding: 0px; line-height: 32px; font-size: 18px; font-family: &amp;#39;Microsoft Yahei&amp;#39;, Simsun; font-variant-ligatures: normal; orphans: 2; white-space: normal; widows: 2;&quot;&gt;　　节目中，宋茜全力为团队争取福利，只想为终结者队赢得荣誉；张柏芝首次与中国女排现场对抗，秒变小粉丝激动落泪；还有郎平自曝比赛中双手小手指断指，用血和汗水诠释女排精神……首期节目既有激烈对抗也有感动故事，精彩尽在本周日浙江卫视《来吧冠军2》！&lt;/p&gt;&lt;p style=&quot;margin-top: 0px; margin-bottom: 20px; padding: 0px; line-height: 32px; font-size: 18px; font-family: &amp;#39;Microsoft Yahei&amp;#39;, Simsun; font-variant-ligatures: normal; orphans: 2; white-space: normal; widows: 2;&quot;&gt;&lt;strong&gt;　　郎平领衔女排姑娘再接挑战&lt;/strong&gt;&lt;/p&gt;&lt;p style=&quot;margin-top: 0px; margin-bottom: 20px; padding: 0px; line-height: 32px; font-size: 18px; font-family: &amp;#39;Microsoft Yahei&amp;#39;, Simsun; font-variant-ligatures: normal; orphans: 2; white-space: normal; widows: 2;&quot;&gt;&lt;strong&gt;　　自曝受伤经历 血汗铸就女排精神&lt;/strong&gt;&lt;/p&gt;&lt;p style=&quot;margin-top: 0px; margin-bottom: 20px; padding: 0px; line-height: 32px; font-size: 18px; font-family: &amp;#39;Microsoft Yahei&amp;#39;, Simsun; font-variant-ligatures: normal; orphans: 2; white-space: normal; widows: 2;&quot;&gt;　　本期节目中，中国女排总教练郎平带领惠若琪、张常宁、丁霞、袁心玥、王梦洁、张晓雅等六位女排姑娘再次登上《来吧冠军2》的竞技场，她们是让国人骄傲的世界冠军，是永不言败的体育健将。节目中，郎平自曝曾因拦网双手小手指均被打断，骨头直接从肉中出来，而手指也因此变得弯曲。当她伸出双手时，众位明星嘉宾惊讶不已，敬佩与感动也油然而生。&lt;/p&gt;&lt;p style=&quot;margin-top: 0px; margin-bottom: 20px; padding: 0px; line-height: 32px; font-size: 18px; font-family: &amp;#39;Microsoft Yahei&amp;#39;, Simsun; font-variant-ligatures: normal; orphans: 2; white-space: normal; widows: 2;&quot;&gt;　　其实，几乎每一位女排运动员都会不同程度地受伤，冠军荣耀背后更多的还是无止境的伤痛。但是中国女排并没有退缩，她们用血和汗水诠释着决不放弃、顽强拼搏、不惧压力的女排精神。也因为有了她们，中国女排才能重回奥运舞台之巅。&lt;/p&gt;&lt;p style=&quot;margin-top: 0px; margin-bottom: 20px; padding: 0px; line-height: 32px; font-size: 18px; font-family: &amp;#39;Microsoft Yahei&amp;#39;, Simsun; font-variant-ligatures: normal; orphans: 2; white-space: normal; widows: 2;&quot;&gt;　　不过，节目中当她们面对实力大增的终结者队时似乎也有些压力，郎平更是夸赞终结者队是很好的陪练：“因为有了他们的陪练，我们才有机会夺得奥运会的冠军。”同时，她还称张柏芝的发球技能比队长惠若琪发得好。可见，郎指导对于终结者队的实力十分认可，再加上各种奇葩道具和不平等规则的设定，终结者队更有挑战成功的可能。期待双方交战的精彩表现。&lt;/p&gt;&lt;p style=&quot;margin-top: 0px; margin-bottom: 20px; padding: 0px; line-height: 32px; font-size: 18px; font-family: &amp;#39;Microsoft Yahei&amp;#39;, Simsun; font-variant-ligatures: normal; orphans: 2; white-space: normal; widows: 2;&quot;&gt;&lt;strong&gt;　　何炅灵活控场平衡双方实力&lt;/strong&gt;&lt;/p&gt;&lt;p style=&quot;margin-top: 0px; margin-bottom: 20px; padding: 0px; line-height: 32px; font-size: 18px; font-family: &amp;#39;Microsoft Yahei&amp;#39;, Simsun; font-variant-ligatures: normal; orphans: 2; white-space: normal; widows: 2;&quot;&gt;&lt;strong&gt;　　贾乃亮鬼马升级 宋茜努力协助&lt;/strong&gt;&lt;/p&gt;&lt;p style=&quot;margin-top: 0px; margin-bottom: 20px; padding: 0px; line-height: 32px; font-size: 18px; font-family: &amp;#39;Microsoft Yahei&amp;#39;, Simsun; font-variant-ligatures: normal; orphans: 2; white-space: normal; widows: 2;&quot;&gt;　　《来吧冠军2》强势归来，随之回归的还有仲裁何炅的“任性”判罚，新一季节目，何老师依旧秉持“公不公平看他心情”的判罚标准。首期节目中，面对实力超强的中国女排，以及复杂的大规则和道具的使用方式，何老师灵活控场，保证比赛能形成“平等对抗”。他看似是随意地答应终结者队的请求，实则上是为了保持双方能力的平衡，从而为大家呈现出更为精彩的竞技状态。&lt;/p&gt;&lt;p style=&quot;margin-top: 0px; margin-bottom: 20px; padding: 0px; line-height: 32px; font-size: 18px; font-family: &amp;#39;Microsoft Yahei&amp;#39;, Simsun; font-variant-ligatures: normal; orphans: 2; white-space: normal; widows: 2;&quot;&gt;　　在排球的竞技过程中，“老牌队长”贾乃亮搭档新晋“运动女神”宋茜共同带领终结者队对抗冠军队。为了赢得冠军，两位在比赛中可谓是竭尽全力，贾乃亮不仅带头应战，还苦思冥想带来了毛绒手套、环形圈、小型瑜伽球等各种奇葩道具，继第一季“搓衣板男神”之后鬼马升级。比赛中，与中国女排二次对抗的他却被女排姑娘们欢乐玩坏，女排姑娘们不仅利用身高优势团团围住贾乃亮不让其放狠话，还调皮用笔在人形道具上画出贾乃亮的模样，随之将道具的手打断，欢乐场面逗翻众人。同时，这也惹得贾乃亮队长越挫越勇，激发力量奋力对抗冠军队。&lt;/p&gt;&lt;p style=&quot;margin-top: 0px; margin-bottom: 20px; padding: 0px; line-height: 32px; font-size: 18px; font-family: &amp;#39;Microsoft Yahei&amp;#39;, Simsun; font-variant-ligatures: normal; orphans: 2; white-space: normal; widows: 2;&quot;&gt;　　同样作为队长的宋茜也会想尽办法赢得锦囊福利，为队员们争取到更多机会反击冠军队。其可爱表现引得现场欢笑连连，让冠军队的郎指导都忍不住要大气赠送道具助力终结者队。新一季节目中，因为有了宋茜队长的加入，终结者队又多了一份成功的可能。&lt;/p&gt;&lt;p style=&quot;margin-top: 0px; margin-bottom: 20px; padding: 0px; line-height: 32px; font-size: 18px; font-family: &amp;#39;Microsoft Yahei&amp;#39;, Simsun; font-variant-ligatures: normal; orphans: 2; white-space: normal; widows: 2;&quot;&gt;&lt;strong&gt;　　张柏芝魏大勋组“复仇者联盟队”霸气挑战&lt;/strong&gt;&lt;/p&gt;&lt;p style=&quot;margin-top: 0px; margin-bottom: 20px; padding: 0px; line-height: 32px; font-size: 18px; font-family: &amp;#39;Microsoft Yahei&amp;#39;, Simsun; font-variant-ligatures: normal; orphans: 2; white-space: normal; widows: 2;&quot;&gt;&lt;strong&gt;　　现场对弈女排却秒变粉丝激动落泪&lt;/strong&gt;&lt;/p&gt;&lt;p style=&quot;margin-top: 0px; margin-bottom: 20px; padding: 0px; line-height: 32px; font-size: 18px; font-family: &amp;#39;Microsoft Yahei&amp;#39;, Simsun; font-variant-ligatures: normal; orphans: 2; white-space: normal; widows: 2;&quot;&gt;　　本期节目中，两位队长邀请到张柏芝、魏大勋和luu brothers一同组成“复仇者联盟队”，希望再次挑战中国女排时可以赢得冠军。其中，张柏芝接受过沙滩排球的专业训练，垫球技能十分了得，更是被大家成为是“沙排皇后”。而魏大勋和luu brothers四位男生也非常厉害，比赛时几乎可以和女排姑娘们来回对打。在锦囊争夺赛环节中，魏大勋更是在赛点力挽狂澜，为终结者队赢得10分的骄人成绩，从而拿到锦囊助力正式比赛。&lt;/p&gt;&lt;p style=&quot;margin-top: 0px; margin-bottom: 20px; padding: 0px; line-height: 32px; font-size: 18px; font-family: &amp;#39;Microsoft Yahei&amp;#39;, Simsun; font-variant-ligatures: normal; orphans: 2; white-space: normal; widows: 2;&quot;&gt;　　不过在正式比赛时，张柏芝却显得分外激动，与中国女排现场博弈的过程让她感觉像是做梦，秒变小粉丝的张柏芝还不停说着：“这个感觉好兴奋啊！”幸好有何仲裁在一旁追着点醒她：“现在不是粉丝见面会，是比赛。”这才让张柏芝暂时放下小粉丝的心情尽力比赛。不过，在比赛结束时，她终于忍不住落泪：“我一辈子都不会忘记（与你们一起打排球）这个时刻。”&lt;/p&gt;&lt;p style=&quot;margin-top: 0px; margin-bottom: 20px; padding: 0px; line-height: 32px; font-size: 18px; font-family: &amp;#39;Microsoft Yahei&amp;#39;, Simsun; font-variant-ligatures: normal; orphans: 2; white-space: normal; widows: 2;&quot;&gt;　　其实不只有张柏芝如此激动，每一位与冠军对抗的明星嘉宾都感到骄傲和自豪，能够与世界冠军同台竞技是一种荣幸。首期节目中，当永不放弃的中国女排遇上优势满满的“复仇者联盟队”，双方交战会发生怎样的激烈碰撞？更多精彩尽在本周日22：00浙江卫视《来吧冠军2》。&lt;/p&gt;', '1494177753', '', '七巧综艺', 0, '新浪娱乐', 1, '来吧冠军2|宋茜|', 1, '2017-05-08/20170508012233.jpg'),
(11, '《跨界歌王》王珞丹积极彩排 《奋斗》成员送祝福', '正值《奋斗》播出十年，剧中好友佟大为、李小璐、朱雨辰纷纷跨屏送上祝福，令王珞丹惊喜不已。', '&lt;p&gt;&lt;img src=&quot;/ueditor/php/upload/image/20170508/1494177958126281.jpg&quot; title=&quot;1494177958126281.jpg&quot;/&gt;&lt;/p&gt;&lt;p&gt;&lt;img src=&quot;/ueditor/php/upload/image/20170508/1494177958164553.jpg&quot; title=&quot;1494177958164553.jpg&quot;/&gt;&lt;/p&gt;&lt;p style=&quot;margin-top: 0px; margin-bottom: 20px; padding: 0px; line-height: 32px; font-size: 18px; font-family: &amp;#39;Microsoft Yahei&amp;#39;, Simsun; font-variant-ligatures: normal; orphans: 2; white-space: normal; widows: 2;&quot;&gt;新浪娱乐讯 2017《跨界歌王》将于5月6日（本周六）晚20：30分播出第四期。《奋斗》主演十年后重聚，跨屏助阵好友王珞丹&lt;a target=&quot;_blank&quot; href=&quot;http://weibo.com/1228486722?zw=ent&quot; class=&quot;wt_article_link&quot; style=&quot;text-decoration: none; outline: none; -webkit-tap-highlight-color: rgba(0, 0, 0, 0); color: rgb(204, 0, 0);&quot;&gt;[微博]&lt;/a&gt;。&lt;/p&gt;&lt;p style=&quot;margin-top: 0px; margin-bottom: 20px; padding: 0px; line-height: 32px; font-size: 18px; font-family: &amp;#39;Microsoft Yahei&amp;#39;, Simsun; font-variant-ligatures: normal; orphans: 2; white-space: normal; widows: 2;&quot;&gt;　　《奋斗》作为一代年轻观众心目中的经典影视剧，承载着不少人的青春记忆。而该剧对于王珞丹，也有着极为重要的意义。她在剧中演绎的“米莱”敢爱敢恨，受到了广大观众的喜爱，而她也凭借“米莱”这一角色，一夜间红遍大江南北，成为80后年轻一代心中的偶像。王珞丹此番来到跨界舞台，正值《奋斗》播出十年，剧中好友佟大为&lt;a target=&quot;_blank&quot; href=&quot;http://weibo.com/1195210033?zw=ent&quot; class=&quot;wt_article_link&quot; style=&quot;text-decoration: none; outline: none; -webkit-tap-highlight-color: rgba(0, 0, 0, 0); color: rgb(204, 0, 0);&quot;&gt;[微博]&lt;/a&gt;、李小璐&lt;a target=&quot;_blank&quot; href=&quot;http://weibo.com/1191044977?zw=ent&quot; class=&quot;wt_article_link&quot; style=&quot;text-decoration: none; outline: none; -webkit-tap-highlight-color: rgba(0, 0, 0, 0); color: rgb(204, 0, 0);&quot;&gt;[微博]&lt;/a&gt;、朱雨辰&lt;a target=&quot;_blank&quot; href=&quot;http://weibo.com/1237627042?zw=ent&quot; class=&quot;wt_article_link&quot; style=&quot;text-decoration: none; outline: none; -webkit-tap-highlight-color: rgba(0, 0, 0, 0); color: rgb(204, 0, 0);&quot;&gt;[微博]&lt;/a&gt;纷纷跨屏送上祝福，令王珞丹惊喜不已。朱雨辰更表示，王珞丹是《奋斗》好友中最有唱歌天赋的人，希望她在跨界舞台可以发挥出自己应有的实力。从《奋斗》演员到跨界歌手，十年间，王珞丹在不断蜕变，也在不断成长，她坦言希望通过跨界舞台能与过去的自己告别，寻找一个新的自己。&lt;/p&gt;&lt;p style=&quot;margin-top: 0px; margin-bottom: 20px; padding: 0px; line-height: 32px; font-size: 18px; font-family: &amp;#39;Microsoft Yahei&amp;#39;, Simsun; font-variant-ligatures: normal; orphans: 2; white-space: normal; widows: 2;&quot;&gt;　　《奋斗》好友齐助阵，王珞丹将在跨界舞台展现怎样惊人的能量与才华？一切精彩，敬请关注本周六20：30北京卫视2017《跨界歌王》。&lt;/p&gt;&lt;p&gt;&lt;br/&gt;&lt;/p&gt;', '1494177966', '', '七巧综艺', 1, '新浪娱乐', 1, '跨界歌王|王珞丹|奋斗|', 1, '2017-05-08/20170508012606.jpg'),
(12, '香港《美选D.n.A》：靓女打拳跳舞 变着法儿露乳秀身材', '近日，香港《美选D.n.A》刚刚播出第一集，20位佳丽在火火、郭伟亮和方力申三位评审主持下，进行才艺表演环节。现场可谓美女云集，大家在秀才艺的过程中变着法儿秀身材，邓月平打泰拳、欧家裕跳椅子舞，十足抢镜。', '&lt;p&gt;&lt;img src=&quot;/ueditor/php/upload/image/20170508/1494178317124404.jpg&quot; title=&quot;1494178317124404.jpg&quot; alt=&quot;1475066236716.jpg&quot;/&gt;&lt;/p&gt;&lt;p&gt;&lt;span style=&quot;font-family: 宋体; font-variant-ligatures: normal; orphans: 2; widows: 2;&quot;&gt;近日，香港《美选D.n.A》刚刚播出第一集，20位佳丽在火火、郭伟亮和方力申三位评审主持下，进行才艺表演环节。现场可谓美女云集，大家在秀才艺的过程中变着法儿秀身材，邓月平打泰拳、欧家裕跳椅子舞，十足抢镜。&lt;/span&gt;&lt;/p&gt;&lt;p&gt;&lt;img src=&quot;/ueditor/php/upload/image/20170508/1494178354221527.jpg&quot; title=&quot;1494178354221527.jpg&quot; alt=&quot;1475066236410.jpg&quot;/&gt;&lt;/p&gt;&lt;p&gt;&lt;span style=&quot;font-family: 宋体; font-variant-ligatures: normal; orphans: 2; widows: 2;&quot;&gt;邓月平表演泰拳先拉筋，身材尤其抢镜。&lt;/span&gt;&lt;/p&gt;&lt;p&gt;&lt;span style=&quot;font-family: 宋体; font-variant-ligatures: normal; orphans: 2; widows: 2;&quot;&gt;&lt;img src=&quot;/ueditor/php/upload/image/20170508/1494178374506484.jpg&quot; title=&quot;1494178374506484.jpg&quot; alt=&quot;1475066236722.jpg&quot;/&gt;&lt;/span&gt;&lt;/p&gt;&lt;p&gt;&lt;span style=&quot;font-family: 宋体; font-variant-ligatures: normal; orphans: 2; widows: 2;&quot;&gt;&lt;span style=&quot;font-family: 宋体; font-variant-ligatures: normal; orphans: 2; widows: 2;&quot;&gt;欧家裕性感指数爆棚。&lt;/span&gt;&lt;/span&gt;&lt;/p&gt;&lt;p&gt;&lt;span style=&quot;font-family: 宋体; font-variant-ligatures: normal; orphans: 2; widows: 2;&quot;&gt;&lt;img src=&quot;/ueditor/php/upload/image/20170508/1494178403947731.jpg&quot; title=&quot;1494178403947731.jpg&quot; alt=&quot;1475066236186.jpg&quot;/&gt;&lt;/span&gt;&lt;/p&gt;&lt;p&gt;&lt;span style=&quot;font-family: 宋体; font-variant-ligatures: normal; orphans: 2; widows: 2;&quot;&gt;&lt;span style=&quot;font-family: 宋体; font-variant-ligatures: normal; orphans: 2; widows: 2;&quot;&gt;主持人火火、郭伟亮和方力申。&lt;/span&gt;&lt;/span&gt;&lt;/p&gt;', '1494178410', '', '七巧综艺', 5, '腾讯娱乐', 1, '香港综艺|', 2, '2017-05-08/20170508013330.jpg'),
(13, '吴宗宪父女主持《小明星大跟班》接档《康熙》首播夺冠', '台湾综艺天王吴宗宪与女儿吴姗儒主持的综艺节目《小明星大跟班》前晚首播，中天电视台昨天公布平均收视率达0.97，总收视人口约54万9，000人，20岁到44岁收视达1.65，稳坐全台同时段综艺节目收视冠军宝座。', '&lt;p&gt;&lt;span style=&quot;font-family: 宋体; font-variant-ligatures: normal; orphans: 2; widows: 2;&quot;&gt;北京时间1月27日消息，据香港媒体报道，台湾综艺天王吴宗宪与女儿吴姗儒主持的综艺节目《小明星大跟班》前晚首播，中天电视台昨天公布平均收视率达0.97，总收视人口约54万9，000人，20岁到44岁收视达1.65，稳坐全台同时段综艺节目收视冠军宝座。&lt;/span&gt;&lt;/p&gt;&lt;p&gt;&lt;img src=&quot;/ueditor/php/upload/image/20170508/1494178558252596.jpg&quot; title=&quot;1494178558252596.jpg&quot; alt=&quot;1453856866386.jpg&quot;/&gt;&lt;/p&gt;&lt;p&gt;&lt;span style=&quot;font-family: 宋体; font-variant-ligatures: normal; orphans: 2; widows: 2;&quot;&gt;《小明星大跟班》接档综艺节目《康熙来了》，吴宗宪、吴姗儒（Sandy）父女搭档主持，前晚首集主题为“谁能够与他的女儿约会？！Sandy篇”，评委嘉宾有小钟、Kid、许维恩、魏如昀、沈玉琳，共同替Sandy挑选约会对象。首先每人各自展现最有自信部位，再来是内裤款式，最后从20人选出6人可和Sandy亲密接触，包括共围围巾、新娘抱、胸咚、安全之吻等，过程笑料不断。&lt;/span&gt;&lt;/p&gt;', '1494178570', '', '七巧综艺', 1, '新浪娱乐', 1, '吴宗宪|康熙|', 2, '2017-05-08/20170508013610.jpg'),
(14, '《康熙来了》正式结束 蔡康永感慨：认真的和你道别', '台湾长寿综艺节目《康熙来了》播放长达12年，终于在这星期告别观众，13日、14日将会播放大结局“康熙来了的最后一夜”上、下集，没有嘉宾，只有两位主持人蔡康永、小S（徐熙娣）及陈汉典三人。', '&lt;p&gt;&lt;span style=&quot;font-family: 宋体; font-variant-ligatures: normal; orphans: 2; widows: 2;&quot;&gt;台湾长寿综艺节目《康熙来了》播放长达12年，终于在这星期告别观众，13日、14日将会播放大结局“康熙来了的最后一夜”上、下集，没有嘉宾，只有两位主持人蔡康永、小S（徐熙娣）及陈汉典三人。制作单位也特地搬来一张大床，完成蔡康永跟小S躺在床上主持的心愿。&lt;/span&gt;&lt;/p&gt;&lt;p&gt;&lt;span style=&quot;font-family: 宋体; font-variant-ligatures: normal; orphans: 2; widows: 2;&quot;&gt;&lt;/span&gt;&lt;/p&gt;&lt;p&gt;&lt;img src=&quot;/ueditor/php/upload/image/20170508/1494178703526278.jpg&quot; title=&quot;1494178703526278.jpg&quot;/&gt;&lt;/p&gt;&lt;p style=&quot;text-align: center;&quot;&gt;&lt;span style=&quot;font-family: 宋体; font-size: 12px; font-variant-ligatures: normal; orphans: 2; text-align: center; widows: 2;&quot;&gt;陈汉典也在微博晒出三人合照&lt;/span&gt;&lt;/p&gt;&lt;p&gt;&lt;img src=&quot;/ueditor/php/upload/image/20170508/1494178706822939.jpg&quot; title=&quot;1494178706822939.jpg&quot;/&gt;&lt;/p&gt;&lt;p style=&quot;text-align: center;&quot;&gt;&lt;span style=&quot;font-family: 宋体; font-variant-ligatures: normal; orphans: 2; widows: 2;&quot;&gt;&lt;/span&gt;&lt;span style=&quot;font-family: 宋体; font-size: 12px; font-variant-ligatures: normal; orphans: 2; text-align: center; widows: 2;&quot;&gt;蔡康永和观众认真道别&lt;/span&gt;&lt;/p&gt;&lt;p style=&quot;margin-top: 0px; margin-bottom: 29px; padding: 0px; overflow: hidden; line-height: 28px; font-family: 宋体; font-variant-ligatures: normal; orphans: 2; white-space: normal; widows: 2;&quot;&gt;1月13日晚，蔡康永通过微博发表感慨，上传手写微博，称：“因为这故事里面也有你，所以应该认真的和你道别！”此伤感微博曝光后，网友纷纷留言表示遗憾和不舍，大呼称：“怎么办！舍不得看最后一集了！不想就这样结束！”“太难过了，不想接受这个事实！”也有网友称：“优雅的道别，是为了下一次认真的遇见！”“谢谢有康跟熙陪伴，度过漫长岁月！”&lt;/p&gt;&lt;p style=&quot;margin-top: 0px; margin-bottom: 29px; padding: 0px; overflow: hidden; line-height: 28px; font-family: 宋体; font-variant-ligatures: normal; orphans: 2; white-space: normal; widows: 2;&quot;&gt;　　据悉，在节目尾声，蔡康永及小S安排陈汉典率先离开录像棚，两人先后拥抱陈汉典，泪流满面。蔡康永说：“以为我们永远不会面对这一切，但想不到我们真的做了。虽然我觉得我的决定是对的，但还是非常舍不得。”两人在门框挥手向陪伴12年的观众致谢，场面感动催泪。&lt;/p&gt;&lt;p&gt;&lt;span style=&quot;font-family: 宋体; font-variant-ligatures: normal; orphans: 2; widows: 2;&quot;&gt;&lt;br/&gt;&lt;/span&gt;&lt;br/&gt;&lt;/p&gt;', '1494178798', '', '七巧综艺', 3, '新浪娱乐', 1, '康熙来了|蔡永康|', 2, '2017-05-08/20170508013958.jpg'),
(15, '《时尚烟云》今日开播 教你如何成为时尚A咖', '一个美国影视制作公司，不远千里跨洋来到英国，拍摄了一部法国时装发展史。这是一种何等的境界？咋一听，还真有点“大杂烩一锅端”的风味呢～', '&lt;p&gt;&lt;img src=&quot;/ueditor/php/upload/image/20170508/1494179106131802.png&quot; title=&quot;1494179106131802.png&quot; alt=&quot;142963694.png&quot;/&gt;&lt;/p&gt;&lt;p style=&quot;margin-top: 0px; margin-bottom: 28px; padding: 0px; word-wrap: break-word; font-family: 微软雅黑, Arial, Helvetica, sans-serif; font-variant-ligatures: normal; orphans: 2; white-space: normal; widows: 2; text-indent: 2em; background-color: rgb(255, 255, 255);&quot;&gt;一个美国影视制作公司，不远千里跨洋来到英国，拍摄了一部法国时装发展史。这是一种何等的境界？咋一听，还真有点“大杂烩一锅端”的风味呢～&lt;/p&gt;&lt;p style=&quot;margin-top: 0px; margin-bottom: 28px; padding: 0px; word-wrap: break-word; font-family: 微软雅黑, Arial, Helvetica, sans-serif; font-variant-ligatures: normal; orphans: 2; white-space: normal; widows: 2; text-indent: 2em; background-color: rgb(255, 255, 255);&quot;&gt;其实，这部剧就是亚马逊于今年开发的英剧——《时尚烟云》。本剧以一个虚构的巴黎高定时装品牌“Paul Sabine Couture”为主线，围绕着萨宾家族内部的商业斗争和血亲相残，还原第二次世界大战后巴黎时尚行业重返辉煌的一段历史。&lt;/p&gt;&lt;p&gt;&lt;img src=&quot;/ueditor/php/upload/image/20170508/1494179124118057.png&quot; title=&quot;1494179124118057.png&quot; alt=&quot;142964160.png&quot;/&gt;&lt;/p&gt;&lt;p&gt;&lt;span style=&quot;font-family: 微软雅黑, Arial, Helvetica, sans-serif; font-variant-ligatures: normal; orphans: 2; text-indent: 32px; widows: 2; background-color: rgb(255, 255, 255);&quot;&gt;似乎仅凭三言两语的梗概，就已经足以在脑海中描绘出这么几个关键词了：巴黎、时尚、服装、商战、传奇、历史…… 不得不说，这么一搭配起来，其香艳华丽的剧情，还是颇能吸引观众的注意力呢！&lt;/span&gt;&lt;/p&gt;', '1494179139', '', '七巧综艺', 3, '腾讯娱乐', 1, '时尚烟云|', 3, '2017-05-08/20170508014539.png'),
(16, '斯嘉丽感情生活丰富 绯闻男友横跨多界', '离婚不久的斯嘉丽，于周一出现在霍华德-斯特恩（Howard Stern）的爱情生活秀节目《Sirius XM》当中，并表示自己并不急于重新投入约会当中。', '&lt;p&gt;&lt;img src=&quot;/ueditor/php/upload/image/20170508/1494179519132757.jpg&quot; title=&quot;1494179519132757.jpg&quot;/&gt;&lt;/p&gt;&lt;p style=&quot;text-align: center;&quot;&gt;&lt;span class=&quot;mingxing_name&quot; style=&quot;color: rgb(51, 51, 51); font-family: Arial, &amp;#39;Microsoft Yahei&amp;#39;; font-variant-ligatures: normal; orphans: 2; text-align: center; widows: 2; background-color: rgb(255, 255, 255);&quot;&gt;&lt;a class=&quot;lanse&quot; href=&quot;http://so.mingxing.com/search.php?keyword=%E6%96%AF%E5%98%89%E4%B8%BD&quot; title=&quot;斯嘉丽&quot; target=&quot;_blank&quot; style=&quot;color: rgb(51, 51, 51);&quot;&gt;斯嘉丽&lt;/a&gt;&lt;/span&gt;&lt;span style=&quot;color: rgb(51, 51, 51); font-family: Arial, &amp;#39;Microsoft Yahei&amp;#39;; font-variant-ligatures: normal; orphans: 2; text-align: center; widows: 2; background-color: rgb(255, 255, 255);&quot;&gt;与前夫&lt;/span&gt;&lt;/p&gt;&lt;p&gt;&lt;img src=&quot;/ueditor/php/upload/image/20170508/1494179519946613.jpg&quot; title=&quot;1494179519946613.jpg&quot;/&gt;&lt;/p&gt;&lt;p style=&quot;text-align: center;&quot;&gt;&lt;span style=&quot;color: rgb(51, 51, 51); font-family: Arial, &amp;#39;Microsoft Yahei&amp;#39;; font-variant-ligatures: normal; orphans: 2; text-align: center; widows: 2; background-color: rgb(255, 255, 255);&quot;&gt;斯嘉丽约翰逊&lt;/span&gt;&lt;/p&gt;&lt;p style=&quot;margin-top: 0px; margin-bottom: 0px; padding: 0px; color: rgb(51, 51, 51); font-family: Arial, &amp;#39;Microsoft Yahei&amp;#39;; font-variant-ligatures: normal; orphans: 2; white-space: normal; widows: 2; background-color: rgb(255, 255, 255);&quot;&gt;明星网资讯，据国外媒体报道，斯嘉丽-约翰逊（Scarlett Johansson）于本周一做客生活秀节目《Sirius XM》，并主动透露自己不急于约会，现在做事首先考虑女儿。&lt;/p&gt;&lt;p style=&quot;margin-top: 0px; margin-bottom: 0px; padding: 0px; color: rgb(51, 51, 51); font-family: Arial, &amp;#39;Microsoft Yahei&amp;#39;; font-variant-ligatures: normal; orphans: 2; white-space: normal; widows: 2; background-color: rgb(255, 255, 255);&quot;&gt;　　离婚不久的斯嘉丽，于周一出现在霍华德-斯特恩（Howard Stern）的爱情生活秀节目《Sirius XM》当中，并表示自己并不急于重新投入约会当中。&lt;/p&gt;&lt;p style=&quot;margin-top: 0px; margin-bottom: 0px; padding: 0px; color: rgb(51, 51, 51); font-family: Arial, &amp;#39;Microsoft Yahei&amp;#39;; font-variant-ligatures: normal; orphans: 2; white-space: normal; widows: 2; background-color: rgb(255, 255, 255);&quot;&gt;　　今年1月，32岁的斯嘉丽与法国记者罗曼-达瑞克（Romain Dauriac）结束了为期2年的婚姻。两人于2014年10月结婚，现在有一个2岁的女儿Rose。“我现在很小心，因为我有一个小女儿了，她才是我现在更加在意的事情。”&lt;/p&gt;&lt;p style=&quot;margin-top: 0px; margin-bottom: 0px; padding: 0px; color: rgb(51, 51, 51); font-family: Arial, &amp;#39;Microsoft Yahei&amp;#39;; font-variant-ligatures: normal; orphans: 2; white-space: normal; widows: 2; background-color: rgb(255, 255, 255);&quot;&gt;　　尽管如此，63岁的斯特恩还是希望自己能够给她牵一次红线，并且提供了一份“超豪华”的备选名单，其中包括：奥兰多-布鲁姆（Orlando Bloom）、约翰-斯塔莫斯（John Stamos）、大卫-斯佩德（David Spade）、以及路易斯（Louis C.K.）。&lt;/p&gt;&lt;p style=&quot;margin-top: 0px; margin-bottom: 0px; padding: 0px; color: rgb(51, 51, 51); font-family: Arial, &amp;#39;Microsoft Yahei&amp;#39;; font-variant-ligatures: normal; orphans: 2; white-space: normal; widows: 2; background-color: rgb(255, 255, 255);&quot;&gt;　　随后，斯嘉丽表示：“我知道很多喜剧演员都有阴暗的一面，但是我不需要。我认为我已经拥有很多了，而且，（我没必要藏着掖着）我会让你知道的。”&lt;/p&gt;&lt;p style=&quot;margin-top: 0px; margin-bottom: 0px; padding: 0px; color: rgb(51, 51, 51); font-family: Arial, &amp;#39;Microsoft Yahei&amp;#39;; font-variant-ligatures: normal; orphans: 2; white-space: normal; widows: 2; background-color: rgb(255, 255, 255);&quot;&gt;　　据此前报道，斯嘉丽的感情生活非常丰富，其绯闻男友横跨多界。包括吉他手杰克-安托诺夫（Jack Antonoff）、演员乔什-哈奈特（Josh Hartnett），还有前前夫瑞安-雷诺兹（Ryan Reynolds）。她不仅在节目中称“戈登-拉姆齐（Gordon Ramsay）是这世界上最性感的男人”，并且私下与著名厨师安东尼-波登（Anthony Bourdain）也有着说不清的关系。对此，她的回应也很特别：“（绯闻）主题总是在变的。”&lt;/p&gt;&lt;p&gt;&lt;br/&gt;&lt;/p&gt;', '1494179548', '', '七巧综艺', 2, '明星资讯', 1, '斯嘉丽|绯闻|', 3, '2017-05-08/20170508015228.jpg'),
(17, 'Gary退出跑男 宋智孝不舍离别强颜欢笑', '日前，Gary更新Instagram，公开了与RunningMan成员们和工作人员们的合照，并写道“感谢我很幸福，是我人生中最棒的瞬间，我不会忘记的。”照片中，RM剧组打出的横幅是“永远的周一男友，想要抓住的姜Gary。”', '&lt;p&gt;&lt;img src=&quot;/ueditor/php/upload/image/20170508/1494179718122210.jpg&quot; title=&quot;1494179718122210.jpg&quot; alt=&quot;9pt6kP.jpg&quot;/&gt;&lt;/p&gt;&lt;p style=&quot;text-align: center;&quot;&gt;&lt;span class=&quot;mingxing_name&quot; style=&quot;color: rgb(51, 51, 51); font-family: Arial, &amp;#39;Microsoft Yahei&amp;#39;; font-variant-ligatures: normal; orphans: 2; text-align: -webkit-center; widows: 2; background-color: rgb(255, 255, 255);&quot;&gt;&lt;a class=&quot;lanse&quot; href=&quot;http://so.mingxing.com/search.php?keyword=Gary&quot; title=&quot;Gary&quot; target=&quot;_blank&quot; style=&quot;color: rgb(51, 51, 51);&quot;&gt;Gary&lt;/a&gt;&lt;/span&gt;&lt;span style=&quot;color: rgb(51, 51, 51); font-family: Arial, &amp;#39;Microsoft Yahei&amp;#39;; font-variant-ligatures: normal; orphans: 2; text-align: -webkit-center; widows: 2; background-color: rgb(255, 255, 255);&quot;&gt;晒出合照&lt;/span&gt;&lt;/p&gt;&lt;p&gt;&lt;span style=&quot;color: rgb(51, 51, 51); font-family: Arial, &amp;#39;Microsoft Yahei&amp;#39;; font-variant-ligatures: normal; orphans: 2; widows: 2; background-color: rgb(255, 255, 255);&quot;&gt;明星网资讯， 日前，Gary更新Instagram，公开了与Running Man成员们和工作人员们的合照，并写道“感谢我很幸福，是我人生中最棒的瞬间，我不会忘记的。”照片中，RM剧组打出的横幅是“永远的周一男友，想要抓住的姜Gary。”&lt;/span&gt;&lt;/p&gt;', '1494179738', '', '七巧综艺', 11, '明星网资讯', 1, '宋智孝|running man|', 3, '2017-05-08/20170508015538.jpg'),
(18, '《金曲捞》失恋战线联盟开唱，酷狗网友：扎心了！', '熬过漫长的一周，终于等到最新一期金曲捞，此处应有掌声!这次唤醒师们一言不合就组成失恋战线联盟，捞出蒙尘的失恋情歌，现场演绎扎心的同时也让人耳目一新。', '&lt;p&gt;&lt;span style=&quot;color: rgb(51, 51, 51); font-family: Arial, &amp;#39;Microsoft Yahei&amp;#39;; font-variant-ligatures: normal; orphans: 2; widows: 2; background-color: rgb(255, 255, 255);&quot;&gt;　熬过漫长的一周，终于等到最新一期&lt;/span&gt;&lt;span class=&quot;mingxing_name&quot; style=&quot;color: rgb(51, 51, 51); font-family: Arial, &amp;#39;Microsoft Yahei&amp;#39;; font-variant-ligatures: normal; orphans: 2; widows: 2; background-color: rgb(255, 255, 255);&quot;&gt;&lt;a class=&quot;lanse&quot; href=&quot;http://so.mingxing.com/search.php?keyword=%E9%87%91%E6%9B%B2%E6%8D%9E&quot; title=&quot;金曲捞&quot; target=&quot;_blank&quot; style=&quot;color: rgb(51, 51, 51);&quot;&gt;金曲捞&lt;/a&gt;&lt;/span&gt;&lt;span style=&quot;color: rgb(51, 51, 51); font-family: Arial, &amp;#39;Microsoft Yahei&amp;#39;; font-variant-ligatures: normal; orphans: 2; widows: 2; background-color: rgb(255, 255, 255);&quot;&gt;，此处应有掌声!这次唤醒师们一言不合就组成失恋战线联盟，捞出蒙尘的失恋情歌，现场演绎扎心的同时也让人耳目一新。&lt;/span&gt;&lt;br/&gt;&lt;/p&gt;&lt;p style=&quot;margin-top: 0px; margin-bottom: 0px; padding: 0px; color: rgb(51, 51, 51); font-family: Arial, &amp;#39;Microsoft Yahei&amp;#39;; font-variant-ligatures: normal; orphans: 2; white-space: normal; widows: 2; background-color: rgb(255, 255, 255);&quot;&gt;　　“谁说悲伤的时候一定要唱慢歌，我偏要嗨起来! ”强势加盟的话题人物刚一登台，就用自己的“失恋&lt;span class=&quot;mingxing_name&quot;&gt;&lt;a class=&quot;lanse&quot; href=&quot;http://www.mingxing.com/neidi/xuanyan/&quot; target=&quot;_blank&quot; style=&quot;color: rgb(51, 51, 51);&quot;&gt;宣言&lt;/a&gt;&lt;/span&gt;”震惊全场，她就是久未出现在音乐节目的“假小子”&lt;span class=&quot;mingxing_name&quot;&gt;&lt;a class=&quot;lanse&quot; href=&quot;http://www.mingxing.com/gangtai/zhangyunjing/&quot; target=&quot;_blank&quot; style=&quot;color: rgb(51, 51, 51);&quot;&gt;张芸京&lt;/a&gt;&lt;/span&gt;!中性打扮一直以来都是她最独特的标签，如今却长发及腰穿起长裙，帅气“京爷”摇身一变成轻熟女神。&lt;/p&gt;&lt;p&gt;&lt;img src=&quot;/ueditor/php/upload/image/20170511/1494476594473822.png&quot; title=&quot;1494476594473822.png&quot; alt=&quot;U8XJAv.png&quot;/&gt;&lt;/p&gt;&lt;p&gt;&lt;span style=&quot;color: rgb(51, 51, 51); font-family: Arial, &amp;#39;Microsoft Yahei&amp;#39;; font-variant-ligatures: normal; orphans: 2; widows: 2; background-color: rgb(255, 255, 255);&quot;&gt;虽说外形变了，但帅气的京爷依然是不走寻常路，霸气侧漏。欢快的三弦伴奏搭配吉他谈“情”，重新编曲后的摇滚失恋情歌让人耳目一新，歌里的苦涩淡了，反倒多了几分玩世不恭的洒脱感，更是引起了全场的嗨点。&lt;/span&gt;&lt;br/&gt;&lt;/p&gt;&lt;p style=&quot;margin-top: 0px; margin-bottom: 0px; padding: 0px; color: rgb(51, 51, 51); font-family: Arial, &amp;#39;Microsoft Yahei&amp;#39;; font-variant-ligatures: normal; orphans: 2; white-space: normal; widows: 2; background-color: rgb(255, 255, 255);&quot;&gt;　　最终张芸京以417票成功唤醒这首《留心》，原唱就是这几年炙手可热的段子手主持人&lt;span class=&quot;mingxing_name&quot;&gt;&lt;a class=&quot;lanse&quot; href=&quot;http://www.mingxing.com/neidi/dazhangwei/&quot; target=&quot;_blank&quot; style=&quot;color: rgb(51, 51, 51);&quot;&gt;大张伟&lt;/a&gt;&lt;/span&gt;。京爷甚至现场“告白”，表示大张伟一直是她的偶像，还为他唱起了《静止》，别有一番滋味。幸好有金曲捞，重新唤醒这首情感好歌，才让它没有丢失在历史的长河中。&lt;/p&gt;&lt;p&gt;&lt;img src=&quot;/ueditor/php/upload/image/20170511/1494476648960899.png&quot; title=&quot;1494476648960899.png&quot; alt=&quot;mJRUUl.png&quot;/&gt;&lt;/p&gt;&lt;p&gt;&lt;span style=&quot;color: rgb(51, 51, 51); font-family: Arial, &amp;#39;Microsoft Yahei&amp;#39;; font-variant-ligatures: normal; orphans: 2; widows: 2; background-color: rgb(255, 255, 255);&quot;&gt;　两人甜蜜献唱的《留心》更是俘获了不少听众的心，歌曲在短时间内就迅速攀升到酷狗金曲捞全民投票平台第一位。&lt;/span&gt;&lt;/p&gt;', '1494476670', '', '七巧网', 2, '明星网资讯', 1, '金曲捞|酷狗|', 1, '2017-05-11/20170511122430.jpg');
INSERT INTO `qiq_information` (`id`, `news_title`, `news_summary`, `news_content`, `news_time`, `news_type`, `author`, `news_visit`, `news_source`, `is_send`, `news_keywords`, `blockid`, `news_img`) VALUES
(19, '欢乐狼人杀上《快本》！首席体验官谢娜惨遭调戏', '5月6日，思美人剧组做客湖南台芒果TV《快乐大本营》，快乐家族与易烊千玺、乔振宇、张靓颖、张馨予、马克在现场大玩欢乐狼人杀！', '&lt;p&gt;&lt;span style=&quot;color: rgb(51, 51, 51); font-family: Arial, &amp;#39;Microsoft Yahei&amp;#39;; font-variant-ligatures: normal; orphans: 2; widows: 2; background-color: rgb(255, 255, 255);&quot;&gt;5月6日，思美人剧组做客湖南台芒果TV《&lt;/span&gt;&lt;span class=&quot;mingxing_name&quot; style=&quot;color: rgb(51, 51, 51); font-family: Arial, &amp;#39;Microsoft Yahei&amp;#39;; font-variant-ligatures: normal; orphans: 2; widows: 2; background-color: rgb(255, 255, 255);&quot;&gt;&lt;a class=&quot;lanse&quot; href=&quot;http://so.mingxing.com/search.php?keyword=%E5%BF%AB%E4%B9%90%E5%A4%A7%E6%9C%AC%E8%90%A5&quot; title=&quot;快乐大本营&quot; target=&quot;_blank&quot; style=&quot;color: rgb(51, 51, 51);&quot;&gt;快乐大本营&lt;/a&gt;&lt;/span&gt;&lt;span style=&quot;color: rgb(51, 51, 51); font-family: Arial, &amp;#39;Microsoft Yahei&amp;#39;; font-variant-ligatures: normal; orphans: 2; widows: 2; background-color: rgb(255, 255, 255);&quot;&gt;》，快乐家族与&lt;/span&gt;&lt;span class=&quot;mingxing_name&quot; style=&quot;color: rgb(51, 51, 51); font-family: Arial, &amp;#39;Microsoft Yahei&amp;#39;; font-variant-ligatures: normal; orphans: 2; widows: 2; background-color: rgb(255, 255, 255);&quot;&gt;&lt;a class=&quot;lanse&quot; href=&quot;http://www.mingxing.com/neidi/yiyangqianxi/&quot; target=&quot;_blank&quot; style=&quot;color: rgb(51, 51, 51);&quot;&gt;易烊千玺&lt;/a&gt;&lt;/span&gt;&lt;span style=&quot;color: rgb(51, 51, 51); font-family: Arial, &amp;#39;Microsoft Yahei&amp;#39;; font-variant-ligatures: normal; orphans: 2; widows: 2; background-color: rgb(255, 255, 255);&quot;&gt;、&lt;/span&gt;&lt;span class=&quot;mingxing_name&quot; style=&quot;color: rgb(51, 51, 51); font-family: Arial, &amp;#39;Microsoft Yahei&amp;#39;; font-variant-ligatures: normal; orphans: 2; widows: 2; background-color: rgb(255, 255, 255);&quot;&gt;&lt;a class=&quot;lanse&quot; href=&quot;http://www.mingxing.com/neidi/qiaozhenyu/&quot; target=&quot;_blank&quot; style=&quot;color: rgb(51, 51, 51);&quot;&gt;乔振宇&lt;/a&gt;&lt;/span&gt;&lt;span style=&quot;color: rgb(51, 51, 51); font-family: Arial, &amp;#39;Microsoft Yahei&amp;#39;; font-variant-ligatures: normal; orphans: 2; widows: 2; background-color: rgb(255, 255, 255);&quot;&gt;、&lt;/span&gt;&lt;span class=&quot;mingxing_name&quot; style=&quot;color: rgb(51, 51, 51); font-family: Arial, &amp;#39;Microsoft Yahei&amp;#39;; font-variant-ligatures: normal; orphans: 2; widows: 2; background-color: rgb(255, 255, 255);&quot;&gt;&lt;a class=&quot;lanse&quot; href=&quot;http://www.mingxing.com/neidi/zhangliangying/&quot; target=&quot;_blank&quot; style=&quot;color: rgb(51, 51, 51);&quot;&gt;张靓颖&lt;/a&gt;&lt;/span&gt;&lt;span style=&quot;color: rgb(51, 51, 51); font-family: Arial, &amp;#39;Microsoft Yahei&amp;#39;; font-variant-ligatures: normal; orphans: 2; widows: 2; background-color: rgb(255, 255, 255);&quot;&gt;、&lt;/span&gt;&lt;span class=&quot;mingxing_name&quot; style=&quot;color: rgb(51, 51, 51); font-family: Arial, &amp;#39;Microsoft Yahei&amp;#39;; font-variant-ligatures: normal; orphans: 2; widows: 2; background-color: rgb(255, 255, 255);&quot;&gt;&lt;a class=&quot;lanse&quot; href=&quot;http://www.mingxing.com/neidi/zhangxinyu/&quot; target=&quot;_blank&quot; style=&quot;color: rgb(51, 51, 51);&quot;&gt;张馨予&lt;/a&gt;&lt;/span&gt;&lt;span style=&quot;color: rgb(51, 51, 51); font-family: Arial, &amp;#39;Microsoft Yahei&amp;#39;; font-variant-ligatures: normal; orphans: 2; widows: 2; background-color: rgb(255, 255, 255);&quot;&gt;、马克在现场大玩欢乐狼人杀！这其中既有马克、乔振宇、张靓颖这样的“老司机”，也有张馨予、易烊千玺“萌新上路”，作为首次体验欢乐狼人杀的何老师表现出超人的推理水平和误导能力，秀出了一大波精彩的“影帝表现”！而欢乐狼人杀首席体验官&lt;/span&gt;&lt;span class=&quot;mingxing_name&quot; style=&quot;color: rgb(51, 51, 51); font-family: Arial, &amp;#39;Microsoft Yahei&amp;#39;; font-variant-ligatures: normal; orphans: 2; widows: 2; background-color: rgb(255, 255, 255);&quot;&gt;&lt;a class=&quot;lanse&quot; href=&quot;http://www.mingxing.com/neidi/xiena/&quot; target=&quot;_blank&quot; style=&quot;color: rgb(51, 51, 51);&quot;&gt;谢娜&lt;/a&gt;&lt;/span&gt;&lt;span style=&quot;color: rgb(51, 51, 51); font-family: Arial, &amp;#39;Microsoft Yahei&amp;#39;; font-variant-ligatures: normal; orphans: 2; widows: 2; background-color: rgb(255, 255, 255);&quot;&gt;却惨遭裁判与“狼人”双重调戏，成为史上最悲情的“复仇者”角色。悬疑烧脑又刺激的欢乐狼人杀让台下观众都不禁屏住呼吸，惊叫连连。&lt;/span&gt;&lt;/p&gt;&lt;p&gt;&lt;img src=&quot;/ueditor/php/upload/image/20170511/1494476855646380.jpg&quot; title=&quot;1494476855646380.jpg&quot; alt=&quot;xrNKxC.jpg&quot;/&gt;&lt;/p&gt;&lt;p&gt;&lt;span style=&quot;color: rgb(51, 51, 51); font-family: Arial, &amp;#39;Microsoft Yahei&amp;#39;; font-variant-ligatures: normal; orphans: 2; widows: 2; background-color: rgb(255, 255, 255);&quot;&gt;第一轮游戏中，马克作为“资深玩家”一开始便对局势进行了精准分析！然而“枪打出头鸟”，马克惨遭乔振宇+张靓颖的“狼人组合”首刀，紧接着“预言家”维嘉也没有留下“遗言”便在第二夜离场，作为平民的千玺全程“呆萌吃瓜”，而“报复心很强”的张馨予也惨遭偷袭，随着“复仇者”何老师出局，狼人阵营未阵亡一人便轻取胜利。&lt;/span&gt;&lt;/p&gt;&lt;p&gt;&lt;span style=&quot;color: rgb(51, 51, 51); font-family: Arial, &amp;#39;Microsoft Yahei&amp;#39;; font-variant-ligatures: normal; orphans: 2; widows: 2; background-color: rgb(255, 255, 255);&quot;&gt;&lt;img src=&quot;/ueditor/php/upload/image/20170511/1494476914632868.jpg&quot; title=&quot;1494476914632868.jpg&quot; alt=&quot;2Xz4u0.jpg&quot;/&gt;&lt;/span&gt;&lt;/p&gt;&lt;p&gt;&lt;span style=&quot;color: rgb(51, 51, 51); font-family: Arial, &amp;#39;Microsoft Yahei&amp;#39;; font-variant-ligatures: normal; orphans: 2; widows: 2; background-color: rgb(255, 255, 255);&quot;&gt;&lt;span style=&quot;color: rgb(51, 51, 51); font-family: Arial, &amp;#39;Microsoft Yahei&amp;#39;; font-variant-ligatures: normal; orphans: 2; widows: 2; background-color: rgb(255, 255, 255);&quot;&gt;在第二轮游戏中，欢乐狼人杀首席体验官谢娜登场！抽到复仇者的娜姐自信满满，想凭借能力者身份带领阵营走向胜利，首轮便“耿直”地自爆“有身份”。&lt;/span&gt;&lt;/span&gt;&lt;/p&gt;&lt;p&gt;&lt;span style=&quot;color: rgb(51, 51, 51); font-family: Arial, &amp;#39;Microsoft Yahei&amp;#39;; font-variant-ligatures: normal; orphans: 2; widows: 2; background-color: rgb(255, 255, 255);&quot;&gt;&lt;span style=&quot;color: rgb(51, 51, 51); font-family: Arial, &amp;#39;Microsoft Yahei&amp;#39;; font-variant-ligatures: normal; orphans: 2; widows: 2; background-color: rgb(255, 255, 255);&quot;&gt;&lt;img src=&quot;/ueditor/php/upload/image/20170511/1494476956932627.jpg&quot; title=&quot;1494476956932627.jpg&quot; alt=&quot;vhQG9Z.jpg&quot;/&gt;&lt;/span&gt;&lt;/span&gt;&lt;/p&gt;&lt;p&gt;&lt;span style=&quot;color: rgb(51, 51, 51); font-family: Arial, &amp;#39;Microsoft Yahei&amp;#39;; font-variant-ligatures: normal; orphans: 2; widows: 2; background-color: rgb(255, 255, 255);&quot;&gt;&lt;span style=&quot;color: rgb(51, 51, 51); font-family: Arial, &amp;#39;Microsoft Yahei&amp;#39;; font-variant-ligatures: normal; orphans: 2; widows: 2; background-color: rgb(255, 255, 255);&quot;&gt;&lt;span style=&quot;color: rgb(51, 51, 51); font-family: Arial, &amp;#39;Microsoft Yahei&amp;#39;; font-variant-ligatures: normal; orphans: 2; widows: 2; background-color: rgb(255, 255, 255);&quot;&gt;然而，眼神“天真无邪”的娜姐却被首刀，亮出“复仇者”身份的娜姐轻信了大家“保证不杀”的承诺，在首夜被偷袭出局......惨遭裁判调戏：“童话都是骗人的”！在接下来的游戏中，何老师表现出了高超演技，甚至上演了“舍人救己”的戏码，最后却无力回天，好人阵容获胜。&lt;/span&gt;&lt;br/&gt;&lt;/span&gt;&lt;/span&gt;&lt;/p&gt;&lt;p style=&quot;margin-top: 0px; margin-bottom: 0px; padding: 0px; color: rgb(51, 51, 51); font-family: Arial, &amp;#39;Microsoft Yahei&amp;#39;; font-variant-ligatures: normal; orphans: 2; white-space: normal; widows: 2; background-color: rgb(255, 255, 255);&quot;&gt;　　游戏结束后，张靓颖自爆常常会和同事，还有录音棚里的朋友们在闲暇时一起玩欢乐狼人杀。而作为欢乐狼人杀首席体验官谢娜，更是向观众们推荐这款游戏App：“欢乐狼人杀永远不会1缺3，随时可以上线组场玩家一起玩。”何老师也力赞其“既欢乐又烧脑”！&lt;/p&gt;&lt;p&gt;&lt;span style=&quot;color: rgb(51, 51, 51); font-family: Arial, &amp;#39;Microsoft Yahei&amp;#39;; font-variant-ligatures: normal; orphans: 2; widows: 2; background-color: rgb(255, 255, 255);&quot;&gt;&lt;span style=&quot;color: rgb(51, 51, 51); font-family: Arial, &amp;#39;Microsoft Yahei&amp;#39;; font-variant-ligatures: normal; orphans: 2; widows: 2; background-color: rgb(255, 255, 255);&quot;&gt;&lt;/span&gt;&lt;/span&gt;&lt;br/&gt;&lt;/p&gt;', '1494476980', '', '七巧网', 6, '明星网资讯', 1, '快乐大本营|谢娜|狼人杀|', 1, '2017-05-11/20170511122940.jpg');

-- --------------------------------------------------------

--
-- 表的结构 `qiq_log`
--

CREATE TABLE IF NOT EXISTS `qiq_log` (
  `id` int(11) NOT NULL AUTO_INCREMENT,
  `name` varchar(50) NOT NULL,
  `time` datetime NOT NULL,
  `ip` varchar(50) NOT NULL,
  `action` text NOT NULL,
  `user` varchar(50) NOT NULL,
  PRIMARY KEY (`id`)
) ENGINE=MyISAM  DEFAULT CHARSET=utf8 AUTO_INCREMENT=204 ;

--
-- 转存表中的数据 `qiq_log`
--

INSERT INTO `qiq_log` (`id`, `name`, `time`, `ip`, `action`, `user`) VALUES
(81, '登录', '2017-04-03 19:24:54', '127.0.0.1', '陈荣辉登录后台系统', '陈荣辉'),
(82, '登录', '2017-04-05 12:38:03', '127.0.0.1', '陈荣辉登录后台系统', '陈荣辉'),
(83, '登录', '2017-04-05 22:56:09', '127.0.0.1', '陈荣辉登录后台系统', '陈荣辉'),
(84, '登录', '2017-04-07 19:29:32', '127.0.0.1', '陈荣辉登录后台系统', '陈荣辉'),
(85, '登录', '2017-04-07 23:57:39', '127.0.0.1', '陈荣辉登录后台系统', '陈荣辉'),
(86, '优化数据表', '2017-04-07 23:57:44', '127.0.0.1', '优化数据表:qiq_auth_group', '陈荣辉'),
(87, '登录', '2017-04-08 00:03:40', '127.0.0.1', '陈荣辉登录后台系统', '陈荣辉'),
(88, '登录', '2017-04-08 14:48:10', '127.0.0.1', '陈荣辉登录后台系统', '陈荣辉'),
(89, '登录', '2017-04-10 19:14:44', '127.0.0.1', '陈荣辉登录后台系统', '陈荣辉'),
(90, '登录', '2017-04-10 20:31:52', '127.0.0.1', '陈荣辉登录后台系统', '陈荣辉'),
(91, '登录', '2017-04-11 13:25:47', '127.0.0.1', '陈荣辉登录后台系统', '陈荣辉'),
(92, '登录', '2017-04-11 14:33:58', '127.0.0.1', '陈荣辉登录后台系统', '陈荣辉'),
(93, '登录', '2017-04-12 09:52:53', '127.0.0.1', '陈荣辉登录后台系统', '陈荣辉'),
(94, '登录', '2017-04-12 12:08:15', '127.0.0.1', '陈荣辉登录后台系统', '陈荣辉'),
(95, '登录', '2017-04-12 16:24:47', '127.0.0.1', '陈荣辉登录后台系统', '陈荣辉'),
(96, '登录', '2017-04-13 18:27:06', '127.0.0.1', '陈荣辉登录后台系统', '陈荣辉'),
(97, '登录', '2017-04-14 10:46:43', '127.0.0.1', '陈荣辉登录后台系统', '陈荣辉'),
(98, '更改阿里大于', '2017-04-14 11:27:28', '127.0.0.1', 'appkey:43543543&nbsp;&nbsp;更改为:545fgdgd<br>secretkey:ebb6245e37faea90458b91b427d0c2f2<br>更改为:ebb6245e37faea90458b91b427d0c2f2', '陈荣辉'),
(99, '更改阿里大于', '2017-04-14 11:28:58', '127.0.0.1', 'appkey:545fgdgd<br>secretkey:ebb6245e37faea90458b91b427d0c2f2<br>已经被更改', '陈荣辉'),
(100, '优化数据表', '2017-04-14 11:29:29', '127.0.0.1', '优化数据表:qiq_admin', '陈荣辉'),
(101, '优化数据库', '2017-04-14 11:29:40', '127.0.0.1', '优化数据表:qiq_admin,qiq_app,qiq_auth_group,qiq_auth_group_access,qiq_auth_rule,qiq_block,qiq_collection,qiq_comment,qiq_information,qiq_log,qiq_plan,qiq_plan_block,qiq_session,qiq_team,qiq_teammember,qiq_user,qiq_video,qiq_video_attributes,qiq_video_block', '陈荣辉'),
(102, '修复数据库', '2017-04-14 11:29:56', '127.0.0.1', '修复数据表:qiq_admin,qiq_app,qiq_auth_group,qiq_auth_group_access,qiq_auth_rule,qiq_block,qiq_collection,qiq_comment,qiq_information,qiq_log,qiq_plan,qiq_plan_block,qiq_session,qiq_team,qiq_teammember,qiq_user,qiq_video,qiq_video_attributes,qiq_video_block', '陈荣辉'),
(103, '备份数据库', '2017-04-14 11:30:11', '127.0.0.1', '备份数据库:qiq_admin,qiq_app,qiq_auth_group,qiq_auth_group_access,qiq_auth_rule,qiq_block,qiq_collection,qiq_comment,qiq_information,qiq_log,qiq_plan,qiq_plan_block,qiq_session,qiq_team,qiq_teammember,qiq_user,qiq_video,qiq_video_attributes,qiq_video_block<br>备份文件名称:20170414113011', '陈荣辉'),
(104, '更改权限', '2017-04-14 12:14:08', '127.0.0.1', '更改''权限者''的权限', '陈荣辉'),
(105, '更改权限', '2017-04-14 12:14:29', '127.0.0.1', '更改''权限者''的权限', '陈荣辉'),
(106, '更改权限', '2017-04-14 12:16:08', '127.0.0.1', '更改''权限者''的权限', '陈荣辉'),
(107, '更改权限', '2017-04-14 12:16:17', '127.0.0.1', '更改''权限者''的权限', '陈荣辉'),
(108, '更改权限', '2017-04-14 12:17:00', '127.0.0.1', '更改''权限者''的权限', '陈荣辉'),
(109, '更改权限', '2017-04-14 12:17:06', '127.0.0.1', '更改''权限者''的权限', '陈荣辉'),
(110, '更改权限', '2017-04-14 12:17:54', '127.0.0.1', '更改''权限者''的权限', '陈荣辉'),
(111, '更改权限', '2017-04-14 12:18:04', '127.0.0.1', '更改''权限者''的权限', '陈荣辉'),
(112, '更改权限', '2017-04-14 12:19:04', '127.0.0.1', '更改''权限者''的权限', '陈荣辉'),
(113, '更改权限', '2017-04-14 12:19:11', '127.0.0.1', '更改''权限者''的权限', '陈荣辉'),
(114, '更改权限', '2017-04-14 12:20:47', '127.0.0.1', '更改''权限者''的权限', '陈荣辉'),
(115, '更改权限', '2017-04-14 12:20:56', '127.0.0.1', '更改''权限者''的权限', '陈荣辉'),
(116, '更改权限', '2017-04-14 12:21:37', '127.0.0.1', '更改''权限者''的权限', '陈荣辉'),
(117, '更改权限', '2017-04-14 12:21:45', '127.0.0.1', '更改''权限者''的权限', '陈荣辉'),
(118, '更改权限', '2017-04-14 12:23:40', '127.0.0.1', '更改''权限者''的权限', '陈荣辉'),
(119, '更改权限', '2017-04-14 12:23:46', '127.0.0.1', '更改''权限者''的权限', '陈荣辉'),
(120, '更改权限', '2017-04-14 12:23:54', '127.0.0.1', '更改''权限者''的权限', '陈荣辉'),
(121, '更改权限', '2017-04-14 12:24:03', '127.0.0.1', '更改''权限者''的权限', '陈荣辉'),
(122, '更改权限', '2017-04-14 12:26:52', '127.0.0.1', '更改''权限者''的权限', '陈荣辉'),
(123, '更改权限', '2017-04-14 12:27:03', '127.0.0.1', '更改''权限者''的权限', '陈荣辉'),
(124, '更改权限', '2017-04-14 12:27:09', '127.0.0.1', '更改''权限者''的权限', '陈荣辉'),
(125, '更改权限', '2017-04-14 12:29:16', '127.0.0.1', '更改''权限者''的权限', '陈荣辉'),
(126, '更改权限', '2017-04-14 12:29:26', '127.0.0.1', '更改''权限者''的权限', '陈荣辉'),
(127, '更改权限', '2017-04-14 12:30:15', '127.0.0.1', '更改''权限者''的权限', '陈荣辉'),
(128, '更改权限', '2017-04-14 12:30:22', '127.0.0.1', '更改''权限者''的权限', '陈荣辉'),
(129, '更改权限', '2017-04-14 13:16:56', '127.0.0.1', '更改''权限者''的权限', '陈荣辉'),
(130, '更改权限', '2017-04-14 13:17:07', '127.0.0.1', '更改''权限者''的权限', '陈荣辉'),
(131, '登录', '2017-04-14 14:13:43', '127.0.0.1', '陈荣辉登录后台系统', '陈荣辉'),
(132, '登录', '2017-04-14 15:14:53', '127.0.0.1', '陈荣辉登录后台系统', '陈荣辉'),
(133, '注销', '2017-04-14 15:36:18', '127.0.0.1', '注销后台系统', ''),
(134, '登录', '2017-04-14 15:36:28', '127.0.0.1', '陈荣辉登录后台系统', '陈荣辉'),
(135, '登录', '2017-04-14 21:32:41', '127.0.0.1', '陈荣辉登录后台系统', '陈荣辉'),
(136, '更改权限', '2017-04-14 21:43:53', '127.0.0.1', '更改''权限者''的权限', '陈荣辉'),
(137, '更改权限', '2017-04-14 21:44:04', '127.0.0.1', '更改''权限者''的权限', '陈荣辉'),
(138, '注销', '2017-04-14 21:55:57', '127.0.0.1', '陈荣辉注销后台系统', ''),
(139, '登录', '2017-04-14 21:56:03', '127.0.0.1', '陈荣辉登录后台系统', '陈荣辉'),
(140, '登录', '2017-04-14 21:56:24', '127.0.0.1', '陈荣辉登录后台系统', '陈荣辉'),
(141, '登录', '2017-04-15 01:45:33', '127.0.0.1', '陈荣辉登录后台系统', '陈荣辉'),
(142, '更改权限', '2017-04-15 03:31:35', '127.0.0.1', '更改''系统管理员''的权限', '陈荣辉'),
(143, '登录', '2017-04-15 11:19:12', '127.0.0.1', '陈荣辉登录后台系统', '陈荣辉'),
(144, '登录', '2017-04-16 00:08:00', '127.0.0.1', '陈荣辉登录后台系统', '陈荣辉'),
(145, '登录', '2017-04-16 14:43:54', '127.0.0.1', '陈荣辉登录后台系统', '陈荣辉'),
(146, '优化数据库', '2017-04-16 14:44:28', '127.0.0.1', '优化数据表:qiq_admin,qiq_app,qiq_auth_group,qiq_auth_group_access,qiq_auth_rule,qiq_block,qiq_collection,qiq_comment,qiq_information,qiq_log,qiq_plan,qiq_plan_block,qiq_session,qiq_team,qiq_teammember,qiq_user,qiq_user_behavior,qiq_video,qiq_video_attributes,qiq_video_block', '陈荣辉'),
(147, '登录', '2017-04-16 15:36:23', '127.0.0.1', '陈荣辉登录后台系统', '陈荣辉'),
(148, '更改权限', '2017-04-16 16:06:15', '127.0.0.1', '更改''系统管理员''的权限', '陈荣辉'),
(149, '更改权限', '2017-04-16 16:06:22', '127.0.0.1', '更改''系统管理员''的权限', '陈荣辉'),
(150, '注销', '2017-04-16 16:17:25', '127.0.0.1', '陈荣辉注销后台系统', ''),
(151, '登录', '2017-04-27 20:05:01', '127.0.0.1', '陈荣辉登录后台系统', '陈荣辉'),
(152, '登录', '2017-04-27 20:24:42', '127.0.0.1', '陈荣辉登录后台系统', '陈荣辉'),
(153, '发送消息', '2017-04-27 21:10:31', '127.0.0.1', '对gtrdgdf发送消息:fdsfdsf', '陈荣辉'),
(154, '发送消息', '2017-04-27 21:10:53', '127.0.0.1', '对ZQM发送消息:hhhhhh', '陈荣辉'),
(155, '发送消息', '2017-04-27 21:11:34', '127.0.0.1', '对ZQM发送消息:gsgsdgf', '陈荣辉'),
(156, '发送消息', '2017-04-27 21:11:57', '127.0.0.1', '对ZQM发送消息:ffffff', '陈荣辉'),
(157, '发送消息', '2017-04-27 21:12:31', '127.0.0.1', '对ZQM发送消息:fasdsadsa', '陈荣辉'),
(158, '删除消息', '2017-04-27 23:00:59', '127.0.0.1', '对删除消息:', '陈荣辉'),
(159, '删除消息', '2017-04-27 23:02:09', '127.0.0.1', '对删除消息:', '陈荣辉'),
(160, '发送消息', '2017-04-27 23:08:07', '127.0.0.1', '对ZQM发送消息:非第三方的手法', '陈荣辉'),
(161, '发送消息', '2017-04-27 23:08:11', '127.0.0.1', '对gtrdgdf发送消息:凡达房贷首付', '陈荣辉'),
(162, '发送消息', '2017-04-27 23:08:15', '127.0.0.1', '对zhengfuming发送消息:dsadasdsa', '陈荣辉'),
(163, '发送消息', '2017-04-27 23:08:19', '127.0.0.1', '对root123发送消息:的撒打算的萨芬打法', '陈荣辉'),
(164, '删除消息', '2017-04-27 23:09:00', '127.0.0.1', '对root123删除消息:的撒打算的萨芬打法', '陈荣辉'),
(165, '登录', '2017-04-28 02:13:51', '127.0.0.1', '陈荣辉登录后台系统', '陈荣辉'),
(166, '登录', '2017-04-28 17:17:56', '127.0.0.1', '陈荣辉登录后台系统', '陈荣辉'),
(167, '登录', '2017-04-29 14:57:38', '127.0.0.1', '陈荣辉登录后台系统', '陈荣辉'),
(168, '登录', '2017-05-01 14:12:05', '127.0.0.1', '陈荣辉登录后台系统', '陈荣辉'),
(169, '更改阿里大于', '2017-05-01 20:04:17', '127.0.0.1', 'appkey:45436564<br>secretkey:ebb6245e37faea90458b91b427d0c2f2<br>已经被更改', '陈荣辉'),
(170, '登录', '2017-05-02 08:36:25', '127.0.0.1', '陈荣辉登录后台系统', '陈荣辉'),
(171, '登录', '2017-05-02 22:13:55', '127.0.0.1', '陈荣辉登录后台系统', '陈荣辉'),
(172, '登录', '2017-05-06 14:25:28', '127.0.0.1', '陈荣辉登录后台系统', '陈荣辉'),
(173, '注销', '2017-05-06 16:57:43', '127.0.0.1', '陈荣辉注销后台系统', ''),
(174, '注销', '2017-05-06 16:57:48', '127.0.0.1', '注销后台系统', ''),
(175, '登录', '2017-05-06 16:58:05', '127.0.0.1', '陈荣辉登录后台系统', '陈荣辉'),
(176, '登录', '2017-05-06 18:17:24', '127.0.0.1', '陈荣辉登录后台系统', '陈荣辉'),
(177, '发送消息', '2017-05-06 18:40:18', '127.0.0.1', '对huihui发送消息:您好，欢迎你注册七巧网。', '陈荣辉'),
(178, '发送消息', '2017-05-06 18:47:36', '127.0.0.1', '对huihui发送消息:你可以通过上传视频来展示你对综艺创意的热爱哦！', '陈荣辉'),
(179, '发送消息', '2017-05-06 20:42:16', '127.0.0.1', '对149407421719发送消息:您好，欢迎来到七巧网', '陈荣辉'),
(180, '登录', '2017-05-07 14:08:20', '127.0.0.1', '陈荣辉登录后台系统', '陈荣辉'),
(181, '更改权限', '2017-05-07 15:32:40', '127.0.0.1', '更改''123''的权限', '陈荣辉'),
(182, '更改权限', '2017-05-07 15:33:01', '127.0.0.1', '更改''123''的权限', '陈荣辉'),
(183, '更改权限', '2017-05-07 15:37:12', '127.0.0.1', '更改''123''的权限', '陈荣辉'),
(184, '更改权限', '2017-05-07 15:37:27', '127.0.0.1', '更改''123''的权限', '陈荣辉'),
(185, '更改权限', '2017-05-07 15:37:32', '127.0.0.1', '更改''123''的权限', '陈荣辉'),
(186, '更改阿里大于', '2017-05-07 16:42:46', '127.0.0.1', 'appkey:45436564<br>secretkey:ebb6245e37faea90458b91b427d0c2f2<br>已经被更改', '陈荣辉'),
(187, '登录', '2017-05-07 22:02:51', '127.0.0.1', '陈荣辉登录后台系统', '陈荣辉'),
(188, '登录', '2017-05-07 22:18:50', '127.0.0.1', '陈荣辉登录后台系统', '陈荣辉'),
(189, '登录', '2017-05-07 23:41:40', '127.0.0.1', '陈荣辉登录后台系统', '陈荣辉'),
(190, '登录', '2017-05-07 23:43:06', '127.0.0.1', '陈荣辉登录后台系统', '陈荣辉'),
(191, '登录', '2017-05-08 00:10:19', '127.0.0.1', '陈荣辉登录后台系统', '陈荣辉'),
(192, '登录', '2017-05-08 00:23:01', '127.0.0.1', '陈荣辉登录后台系统', '陈荣辉'),
(193, '登录', '2017-05-08 09:42:24', '127.0.0.1', 'zhengfuming登录后台系统', 'zhengfuming'),
(194, '登录', '2017-05-09 09:49:26', '127.0.0.1', 'zhengfuming登录后台系统', 'zhengfuming'),
(195, '登录', '2017-05-09 18:41:08', '127.0.0.1', 'zhengfuming登录后台系统', 'zhengfuming'),
(196, '登录', '2017-05-09 20:44:01', '127.0.0.1', 'zhengfuming登录后台系统', 'zhengfuming'),
(197, '登录', '2017-05-10 10:05:39', '127.0.0.1', 'zhengfuming登录后台系统', 'zhengfuming'),
(198, '登录', '2017-05-10 18:36:37', '127.0.0.1', 'zhengfuming登录后台系统', 'zhengfuming'),
(199, '登录', '2017-05-11 12:18:27', '127.0.0.1', 'zhengfuming登录后台系统', 'zhengfuming'),
(200, '登录', '2017-05-11 14:10:19', '127.0.0.1', 'zhengfuming登录后台系统', 'zhengfuming'),
(201, '登录', '2017-05-14 19:33:13', '127.0.0.1', 'zhengfuming登录后台系统', 'zhengfuming'),
(202, '登录', '2017-05-15 23:53:59', '127.0.0.1', 'zhengfuming登录后台系统', 'zhengfuming'),
(203, '登录', '2017-05-21 16:32:54', '127.0.0.1', 'zhengfuming登录后台系统', 'zhengfuming');

-- --------------------------------------------------------

--
-- 表的结构 `qiq_message`
--

CREATE TABLE IF NOT EXISTS `qiq_message` (
  `id` int(12) NOT NULL AUTO_INCREMENT,
  `content` varchar(1000) NOT NULL,
  `user_id` int(12) NOT NULL,
  `is_used` int(1) NOT NULL DEFAULT '1',
  PRIMARY KEY (`id`)
) ENGINE=MyISAM  DEFAULT CHARSET=utf8 AUTO_INCREMENT=23 ;

--
-- 转存表中的数据 `qiq_message`
--

INSERT INTO `qiq_message` (`id`, `content`, `user_id`, `is_used`) VALUES
(3, '非第三方的手法', 51, 1),
(17, '非第三方的手法', 51, 1),
(18, '凡达房贷首付', 39, 1),
(19, 'dsadasdsa', 37, 0),
(20, '您好，欢迎你注册七巧网。', 64, 1),
(21, '你可以通过上传视频来展示你对综艺创意的热爱哦！', 64, 1),
(22, '您好，欢迎来到七巧网', 65, 1);

-- --------------------------------------------------------

--
-- 表的结构 `qiq_plan`
--

CREATE TABLE IF NOT EXISTS `qiq_plan` (
  `id` int(11) NOT NULL AUTO_INCREMENT COMMENT '主键',
  `Uid` int(11) NOT NULL COMMENT '用户ID',
  `Tid` int(11) NOT NULL COMMENT '团队id',
  `plan_type` varchar(20) COLLATE utf8mb4_unicode_ci NOT NULL COMMENT '策划书类型',
  `plan_route` varchar(50) COLLATE utf8mb4_unicode_ci NOT NULL COMMENT '策划书存放路径',
  `plan_title` varchar(50) COLLATE utf8mb4_unicode_ci NOT NULL COMMENT '策划书标题',
  `planup_time` varchar(15) COLLATE utf8mb4_unicode_ci NOT NULL COMMENT '策划书上传时间',
  `plan_stage` varchar(20) COLLATE utf8mb4_unicode_ci NOT NULL DEFAULT '策划书' COMMENT '状态阶段',
  `plan_summary` varchar(300) COLLATE utf8mb4_unicode_ci NOT NULL COMMENT '简介',
  `plan_cover` varchar(50) COLLATE utf8mb4_unicode_ci NOT NULL DEFAULT 'plan-default.jpg' COMMENT '策划书封面',
  `plan_state` int(11) NOT NULL DEFAULT '0' COMMENT '审核状态',
  `plan_times` int(11) NOT NULL DEFAULT '0' COMMENT '浏览次数',
  `plan_highlights` text COLLATE utf8mb4_unicode_ci,
  `plan_rule` text COLLATE utf8mb4_unicode_ci NOT NULL,
  PRIMARY KEY (`id`)
) ENGINE=MyISAM  DEFAULT CHARSET=utf8mb4 COLLATE=utf8mb4_unicode_ci AUTO_INCREMENT=44 ;

--
-- 转存表中的数据 `qiq_plan`
--

INSERT INTO `qiq_plan` (`id`, `Uid`, `Tid`, `plan_type`, `plan_route`, `plan_title`, `planup_time`, `plan_stage`, `plan_summary`, `plan_cover`, `plan_state`, `plan_times`, `plan_highlights`, `plan_rule`) VALUES
(22, 37, 1, '4', '/upload/planning-book/2017-03-19/58ce9d1868b95.doc', '“七巧网”创意平台开发', '1489935640', '4', '“七巧网”创意平台开发（前台）基本内容：\r\n1、综艺资讯：用户可以通过本平台浏览全球综艺市场前沿最新资讯、业内人士权威人士专访、综艺节目的大众点评。吸引关注度。\r\n2、原创综艺：用户原创作品的展示和点播其他用户、团队的原创作品。\r\n3、优秀团队：用户查看团队背景介绍、团队个人展示、团队项目展示，优秀团队展示，指导老师和团队各成员展示。\r\n4、节目孵化：孵化每位用户的综艺创意。用户可以直接上传作品，也可以上传制作人撰写的策划案，含详细执行案，对策划案进行节目孵化。\r\n5、我的智慧：制作人的创意编写成策划书形式上传到网站，管理员根据策划书的安排孵化。\r\n6、个人中心：个人项目管理、关注项目管理、登', 'plan-default.jpg', 1, 67, '法国的官方的事|国风塑公司的分|古典风格的分根深蒂固|', '&lt;p&gt;如果第三个豆腐干豆腐干士大夫高峰低谷&lt;/p&gt;'),
(24, 61, 0, '5', '/upload/planning-book/2017-03-20/58ceadc8e59a3.doc', '钢铁是怎样炼成的', '1489939912', '2', '《钢铁是怎样炼成的》是前苏联作家尼古拉·奥斯特洛夫斯基所著的一部长篇小说，于1933年写成。小说通过记叙保尔·柯察金的成长道路告诉人们，一个人只有在革命的艰难困苦中战胜敌人也战胜自己，只有在把自己的追求和祖国、人民的利益联系在一起的时候，才会创造出奇迹，才会成长为钢铁战士。', 'plan-default.jpg', 1, 50, '蜘蛛侠|制片人|', '&lt;p&gt;gfdgfd&lt;/p&gt;'),
(30, 35, 5, '3', '/upload/planning-book/2017-04-28/59024070c8167.doc', '《致青春校园暗恋史》', '1493319792', '4', '致青春校园暗恋史 影片类型：电影 青春 校园 爱情 影片时长：90分钟 制作公司：成都影上文化传媒有限公司 拍摄地点：四川成都 拍摄周期：15天 发行渠道：爱奇艺 优酷 腾讯 乐视等', '2017-05-08/20170508031027.jpg', 1, 1, '青春是永不过时的题材，爱情更是永远至上的，更有代入感，本片风格参照国内《致青春》《那些年我们一起追过的女孩》《七月与安生》，国外电影《怦然心动》。看似简单的故事里有一个不能说的秘密，是一部不错的佳作。本片以悬疑的视角切入，让故事更加的吸引观众。|淘梦网（Tmeng）是北京淘梦网络科技有限责任公司旗下的主营网站，专业提供影视的投资、出品、营销、发行、众筹、融资等服务。 代表作品有《二龙湖浩哥》  系列、《道士出山》  系列、《国产大英雄》系列、《血战铜锣湾》系列。|', '&lt;p style=&quot;box-sizing: border-box; margin-top: 0px; margin-bottom: 10px; word-wrap: break-word; color: rgb(51, 51, 51); font-family: &amp;#39;Microsoft YaHei&amp;#39;, &amp;#39;Lucida Grande&amp;#39;, Helvetica, &amp;#39;Droid Sans&amp;#39;, FreeSans, &amp;#39;wenquanyi micro hei&amp;#39;, &amp;#39;Hiragino Sans GB&amp;#39;, &amp;#39;Hiragino Sans GB W3&amp;#39;, &amp;#39;Segoe UI&amp;#39;, Arial, Arimo, sans-serif; font-size: 14px; font-variant-ligatures: normal; orphans: 2; white-space: normal; widows: 2; background-color: rgb(255, 255, 255);&quot;&gt;&lt;span style=&quot;box-sizing: border-box; font-size: 12pt; font-family: &amp;quot;Microsoft YaHei&amp;quot;;&quot;&gt;大学毕业后男主方程收到一个陌生的邮件。里面居然是他被人偷拍的照片。几番线索下来，方程觉得这可能是暗恋自己的一个人。方程找到一个记录了600多天的一个校内博客。里面记述了一个少女的心事。种种推测，方程开始觉得这个女孩可能就是&lt;span style=&quot;box-sizing: border-box; color: rgb(0, 0, 0); font-variant-ligatures: normal; widows: 1;&quot;&gt;女主&lt;/span&gt;郑颜。&lt;/span&gt;&lt;/p&gt;&lt;p style=&quot;box-sizing: border-box; margin-top: 0px; margin-bottom: 10px; word-wrap: break-word; color: rgb(51, 51, 51); font-family: &amp;#39;Microsoft YaHei&amp;#39;, &amp;#39;Lucida Grande&amp;#39;, Helvetica, &amp;#39;Droid Sans&amp;#39;, FreeSans, &amp;#39;wenquanyi micro hei&amp;#39;, &amp;#39;Hiragino Sans GB&amp;#39;, &amp;#39;Hiragino Sans GB W3&amp;#39;, &amp;#39;Segoe UI&amp;#39;, Arial, Arimo, sans-serif; font-size: 14px; font-variant-ligatures: normal; orphans: 2; white-space: normal; widows: 2; background-color: rgb(255, 255, 255);&quot;&gt;&lt;span style=&quot;box-sizing: border-box; font-size: 12pt; font-family: &amp;quot;Microsoft YaHei&amp;quot;;&quot;&gt;女主郑颜是方程大学时候暗恋的一个女孩，男主还没来得及表白女主就出国了。&lt;/span&gt;&lt;/p&gt;&lt;p style=&quot;box-sizing: border-box; margin-top: 0px; margin-bottom: 10px; word-wrap: break-word; color: rgb(51, 51, 51); font-family: &amp;#39;Microsoft YaHei&amp;#39;, &amp;#39;Lucida Grande&amp;#39;, Helvetica, &amp;#39;Droid Sans&amp;#39;, FreeSans, &amp;#39;wenquanyi micro hei&amp;#39;, &amp;#39;Hiragino Sans GB&amp;#39;, &amp;#39;Hiragino Sans GB W3&amp;#39;, &amp;#39;Segoe UI&amp;#39;, Arial, Arimo, sans-serif; font-size: 14px; font-variant-ligatures: normal; orphans: 2; white-space: normal; widows: 2; background-color: rgb(255, 255, 255);&quot;&gt;&lt;span style=&quot;box-sizing: border-box; font-size: 12pt; font-family: &amp;quot;Microsoft YaHei&amp;quot;;&quot;&gt;和方程一起解开谜底的肖雪心情非常难过，因为那个博客正是她自己的小号，当初不能光明正大的告白就是因为知道自己的好闺蜜郑颜和方程互相暗恋，于是决定暗暗的记录下这段感情。当方程找到肖雪的时候肖雪又期待又害怕被知道，但是肖雪发现方程的主观思想一直在引导是希望那个博客的主人就是郑颜，肖雪伤心至于也不再多解释什么。&lt;/span&gt;&lt;/p&gt;&lt;p style=&quot;box-sizing: border-box; margin-top: 0px; margin-bottom: 10px; word-wrap: break-word; color: rgb(51, 51, 51); font-family: &amp;#39;Microsoft YaHei&amp;#39;, &amp;#39;Lucida Grande&amp;#39;, Helvetica, &amp;#39;Droid Sans&amp;#39;, FreeSans, &amp;#39;wenquanyi micro hei&amp;#39;, &amp;#39;Hiragino Sans GB&amp;#39;, &amp;#39;Hiragino Sans GB W3&amp;#39;, &amp;#39;Segoe UI&amp;#39;, Arial, Arimo, sans-serif; font-size: 14px; font-variant-ligatures: normal; orphans: 2; white-space: normal; widows: 2; background-color: rgb(255, 255, 255);&quot;&gt;&lt;span style=&quot;box-sizing: border-box; font-size: 12pt; font-family: &amp;quot;Microsoft YaHei&amp;quot;;&quot;&gt;事情的转折是在一封信。和方程聊天的时候肖雪告诉他她收到了出国后的郑颜写给她的第一封信。当方程知道信的地址是来自加拿大的时候，他觉得真相已经大白了。为了验证自己的推理，他将所有有故事的动态全部翻了一个遍，解释给肖雪听。校内里面的内容：【下雨天】【校园课堂】这些都是郑颜和肖雪方程三个人一起经历的事情。方程哪曾想，两个好友都喜欢着他，真相并不是方程想的那样，肖雪已经不想再去破坏方程心中对郑颜美好的幻想。事情的真相会一直隐藏吗？&lt;/span&gt;&lt;/p&gt;&lt;p&gt;&lt;br/&gt;&lt;/p&gt;'),
(31, 65, 0, '3', '/upload/planning-book/2017-05-07/590e8ff0a9af2.doc', '顶尖制作团队打造院线电影《凤皇传》', '1494126576', '1', '五胡十六国时期，由鲜卑慕容氏建立的前燕帝国被前秦所灭 。前秦帝王苻坚将慕容冲和清河公主姐弟一起留在了后宫。亡国之痛，姐弟受辱，慕容冲立志复仇。淝水之战给了慕容冲复仇的机会，灭掉长安后，慕容冲的复仇使命完结，他的人生意义仿佛也随之走向终点。何去何从。', '2017-05-08/20170508030636.png', 0, 6, '顶尖影视制作团队，实力操盘保驾护航|实力演技+当红小生，完美演员组合阵容,实力演技派荧幕老将梁家仁、高雄等倾情加盟.|江湖宫廷武侠权谋，倾世容颜慕容凤皇|院线+网络发行模式，安全保障收益最大化|', '&lt;p&gt;&lt;span style=&quot;color: rgb(153, 153, 153); font-family: &amp;#39;Microsoft YaHei&amp;#39;, &amp;#39;Lucida Grande&amp;#39;, Helvetica, &amp;#39;Droid Sans&amp;#39;, FreeSans, &amp;#39;wenquanyi micro hei&amp;#39;, &amp;#39;Hiragino Sans GB&amp;#39;, &amp;#39;Hiragino Sans GB W3&amp;#39;, &amp;#39;Segoe UI&amp;#39;, Arial, Arimo, sans-serif; font-size: 14px; font-variant-ligatures: normal; orphans: 2; widows: 2; background-color: rgb(255, 255, 255);&quot;&gt;五胡十六国时期，由鲜卑慕容氏建立的前燕帝国被前秦所灭 。前秦帝王苻坚将慕容冲和清河公主姐弟一起留在了后宫。亡国之痛，姐弟受辱，慕容冲立志复仇。淝水之战给了慕容冲复仇的机会，灭掉长安后，慕容冲的复仇使命完结，他的人生意义仿佛也随之走向终点。何去何从。&lt;/span&gt;&lt;/p&gt;'),
(32, 61, 0, '2', '/upload/planning-book/2017-05-08/590f640de94b3.doc', '2018年贺岁片《富贵邮轮》', '1494180877', '3', '金乾是个失意的演员，希望成为超级巨星受世人膜拜。老财是金乾的好基友。金乾在一次抽奖活动中中了特等奖——豪华邮轮双人游。', '2017-05-08/20170508030048.jpg', 1, 2, '1、题材优势  回归港式喜剧，通过在嬉笑怒骂、妙趣横生中张扬着逆境中求生存的草根精神。给观众带来极大的正面能量，此故事类型受众面特别广，美女、轻色情、港式搞笑、剧情均会有展示；|2、故事优势 纯正香港喜剧味道，内容轻松搞笑，看似幽默搞笑的外衣下包裹着人性的善良。再加上2月春节档期，贺岁意味浓郁；并且《富贵游轮》的演员阵容可以说群星璀璨，汇集了香港金牌绿叶：一众香港老戏骨+内地新人组合，保证了这部电影的高人气。|3、载体优势  网大从未有过邮轮片、尤其是以邮轮为新奇载体的喜剧片；各种高大上和华美镜头可以展现；|4、IP第一部  邮轮系列和海洋题材是南方文化的特别标签，深港二地合作更易吸人眼球！|', '&lt;p&gt;&lt;span style=&quot;color: rgb(51, 51, 51); font-family: &amp;#39;Microsoft YaHei&amp;#39;, &amp;#39;Lucida Grande&amp;#39;, Helvetica, &amp;#39;Droid Sans&amp;#39;, FreeSans, &amp;#39;wenquanyi micro hei&amp;#39;, &amp;#39;Hiragino Sans GB&amp;#39;, &amp;#39;Hiragino Sans GB W3&amp;#39;, &amp;#39;Segoe UI&amp;#39;, Arial, Arimo, sans-serif; font-size: 14px; font-variant-ligatures: normal; orphans: 2; widows: 2; background-color: rgb(255, 255, 255);&quot;&gt;金乾是个失意的演员，希望成为超级巨星受世人膜拜。老财是金乾的好基友。金乾在一次抽奖活动中中了特等奖——豪华邮轮双人游。于是金乾跟老财带着无限的期待上了邮轮。邮轮上的三个经理因泄露公司机密并运营不善、提心吊胆，他们听说总部要派人来暗访十分紧张。金乾跟老财上邮轮后被三位经理错当作了暗访人，竭力巴结讨好，闹出一连串笑话。而金乾在船上也结识了一个单纯天真的女服务员艾米，经过两三天的相处互生情愫。最后三位经理发现金乾是假冒的，把他跟老财抓了起来。正此时艾米带着保镖及时赶到，原来她身上还藏着一个惊人的秘密……&lt;/span&gt;&lt;/p&gt;'),
(33, 37, 0, '3', '/upload/planning-book/2017-05-08/590f6d4381bc8.doc', '直播网综《谁是继承者》', '1494183235', '2', '这是一座私属岛屿，6张神奇船票，6位可爱少年，一场奇妙的旅途 即将开启。\r\n     节目由6名继承候选人和多位神秘嘉宾共同参于。他们将通过有趣的游戏形式和独特的“海岛冒险”赢得每期5万现金筹码和最终百万现金大奖，感悟人与自然之间的和谐关系,传递出对自然的崇敬。这将是一档实力与运气相结合，集明星大咖、网红主播与粉丝捆绑互动的全新竞猜综艺节目。', '2017-05-08/20170508025717.jpg', 1, 6, '萌宠“少爷”的考验：发布任务时,少爷并不会耐心等待,他的行程总是有趣而多变,有时在海边晒晒太阳,有时与同伴在森林玩耍,有时更会乘坐私人飞机在岛上环岛旅行,队员只有凭借自己的才智和魅力,通过各种办法找到“少爷”才能接到任务。|虚拟+现实： 直播环节中,观众可以给选手赠送礼物,礼物兑换积分,将在游戏环节中,供选手兑换现场各种道具或游戏卡片,帮助选手完成任务。|已签约宁波海洋科技文化局联合出品，独家海岛场地、直升机、各类设施资源|核心主创团队策划、制作、推广过多部综艺如《奔跑吧兄弟》《极限挑战》等|优先回本金，且提供本金保障及公司、股东连带承诺|已签约知名直播平台“全民直播”（quanmin.tv）联合出品，独家直播平台资源|', '&lt;p&gt;&lt;span style=&quot;color: rgb(128, 128, 128); font-family: &amp;#39;Microsoft YaHei&amp;#39;, &amp;#39;Lucida Grande&amp;#39;, Helvetica, &amp;#39;Droid Sans&amp;#39;, FreeSans, &amp;#39;wenquanyi micro hei&amp;#39;, &amp;#39;Hiragino Sans GB&amp;#39;, &amp;#39;Hiragino Sans GB W3&amp;#39;, &amp;#39;Segoe UI&amp;#39;, Arial, Arimo, sans-serif; font-variant-ligatures: normal; orphans: 2; text-align: justify; widows: 2; background-color: rgb(255, 255, 255);&quot;&gt;突破传统综艺游戏单线结局的发展，设定游戏反转环节，每集获胜队员，只有在获胜后的当夜，在规定时间内保护好特定道具不被抢夺才可真正获得5万现金，反之，奖金将被剩余队员平分。&lt;/span&gt;&lt;/p&gt;'),
(34, 66, 0, '1', '/upload/planning-book/2017-05-09/5910b067cb31f.doc', '动作电影《混混英雄》', '1494299872', '1', '混混英雄》为中国（深圳）国际新媒体电影节孵化中心重点项目，影片将推送戛纳、哥德堡等10多个国际电影节展映', '2017-05-09/20170509015858.jpg', 1, 2, '1.《混混英雄》为中国（深圳）国际新媒体电影节孵化中心重点项目，影片将推送戛纳、哥德堡等10多个国际电影节展映；|2.主创团队（香港TVB+奥飞动漫+网易游戏）可谓强强联手，经验丰富，影片质量有保障；|3.强大的宣发资源：网大专业宣发公司资源+自有媒介资源;出品方和传媒江苏地区逾2万块广告屏推广；赞助商保千里全国30万块广告屏推广。合作伙伴热点猫网络营销公司在上海、深圳地铁引流推广，每天覆盖500万人群。宣发价值超300万；|4.古惑仔为经典影视题材，经久不衰，高度迎合网大受众喜好，基础票房有保障（爱奇艺网大票房前十名中有五名是黑社会/古惑仔类型）；|5.香港动作特技演员公会秘书长，香港李小龙会的副会长吴育枢任动作导演，带领香港几十人武师加盟全程真实打斗；|6.邀请《一代宗师》等海报字体设计大师，提供海报字体；|', '&lt;p&gt;&lt;span style=&quot;color: rgb(128, 128, 128); font-family: &amp;#39;Microsoft YaHei&amp;#39;; font-variant-ligatures: normal; orphans: 2; text-align: justify; widows: 2; background-color: rgb(255, 255, 255);&quot;&gt;江湖杀手执行任务遭遇陷阱，厮杀与逃亡中再次卷入阴谋.....，隐藏的秘密是否能被揭开?看一个混混是如何变成英雄的，富豪的千金会不会爱上一个混混？&lt;/span&gt;&lt;/p&gt;'),
(35, 67, 0, '7', '/upload/planning-book/2017-05-09/591134e08e531.doc', '黄秋生《玩命判官》', '1494300195', '1', '《玩命判官》是由全球共拿二十七个电影奖项的《我们停战吧! 》电影班底拍摄；漫画教父黄玉郎老师团队倾力制作；联同发行超过一百部电影的「英皇电影」共同出品的优质院线电影。', '2017-05-09/20170509112029.jpg', 1, 1, '亮点一：主创团队前一电影《我们停战吧》在全球获得27个电影奖项|亮点二：香港上市公司Step Entertainment参与投资|亮点三：制片方公司为黄玉郎先生创办，且自投资40%|亮点四：中国大陆地区由大地院线负责发行（已确定合作）|亮点十：本片涉及女角色较多，除女一号外，其他女性角色（非路人）将会在大陆寻找5-8名有一定名气/粉丝的人来担任，候选名单有二三线明星、网红、超模等。|亮点十一：其他资金已经到位，云筹仅有500万人民币份额，且第一出品方环球传奇以其出资（投资40%）做完全劣后|', '&lt;p style=&quot;box-sizing: border-box; margin-top: 0px; margin-bottom: 10px; word-wrap: break-word; color: rgb(51, 51, 51); font-family: &amp;#39;Microsoft YaHei&amp;#39;, &amp;#39;Lucida Grande&amp;#39;, Helvetica, &amp;#39;Droid Sans&amp;#39;, FreeSans, &amp;#39;wenquanyi micro hei&amp;#39;, &amp;#39;Hiragino Sans GB&amp;#39;, &amp;#39;Hiragino Sans GB W3&amp;#39;, &amp;#39;Segoe UI&amp;#39;, Arial, Arimo, sans-serif; font-size: 14px; font-variant-ligatures: normal; orphans: 2; white-space: normal; widows: 2; text-align: justify; background-color: rgb(255, 255, 255);&quot;&gt;&lt;span style=&quot;box-sizing: border-box; font-family: &amp;quot;Microsoft YaHei&amp;quot;; font-size: 12pt; color: rgb(128, 128, 128);&quot;&gt;题材有共鸣：&lt;span style=&quot;box-sizing: border-box; color: rgb(255, 0, 0);&quot;&gt;超强大IP&lt;/span&gt;！只要有智能手机和电脑的人也是我们的目标观众！&lt;span style=&quot;box-sizing: border-box; color: rgb(255, 0, 0);&quot;&gt;网络欺凌&lt;/span&gt;主题贴身、随时你和我也会成为施暴者和受害人！在无孔不入的网络世界留言，真的能够好像事不关己高高挂起一样恣意评判，再恶劣也不需要负上任何责任？躲在屏幕背后，就真的能肆无忌惮地进行网络批斗？唾手可得的文字，可以杀人不见血，你会否因此误堕杀人凶手的陷阱？&lt;/span&gt;&lt;/p&gt;&lt;p style=&quot;box-sizing: border-box; margin-top: 0px; margin-bottom: 10px; word-wrap: break-word; text-align: justify;&quot;&gt;&lt;span style=&quot;box-sizing: border-box; font-family: &amp;quot;Microsoft YaHei&amp;quot;; font-size: 12pt; color: rgb(128, 128, 128);&quot;&gt;拥有专业制作团队：环球传奇影视娱乐有限公司于2015年制作的第一部电影《我们停战吧！》便于国外多个电影节勇夺27个奖项，制作质量有保证。&lt;/span&gt;&lt;/p&gt;&lt;p style=&quot;box-sizing: border-box; margin-top: 0px; margin-bottom: 10px; word-wrap: break-word; text-align: justify;&quot;&gt;&lt;span style=&quot;box-sizing: border-box; font-family: &amp;quot;Microsoft YaHei&amp;quot;; font-size: 12pt; color: rgb(128, 128, 128);&quot;&gt;专业演员：男主角&lt;span style=&quot;box-sizing: border-box; color: rgb(255, 0, 0);&quot;&gt;黄秋生为香港电影金像奖得主&lt;/span&gt;，其他演员均为资深及著名演艺工作者，曾于世界各地的影展比赛中获多个最佳男主角及最佳女主角奖项；&lt;span style=&quot;box-sizing: border-box; color: rgb(255, 0, 0);&quot;&gt;影帝影后级人马&lt;/span&gt;齐心打造最殿堂级卖座电影。&lt;/span&gt;&lt;/p&gt;&lt;p&gt;&lt;br/&gt;&lt;/p&gt;'),
(36, 67, 0, '1', '/upload/planning-book/2017-05-09/59113623c7e64.doc', '院线电影《相信爱情》', '1494300190', '3', '有别于现在市场上所见的都市爱情故事，《相信爱情》更是一部真正使用电影语言叙事结构的一个爱情故事。首先，它是一个故事，里面的人物，是独一无二的，剧情，是别具一格的，故事里的爱情，是完全美好的幸福世界！', '2017-05-09/20170509112600.png', 1, 1, '导演:许书绮（已签约） 简介：中央戏剧学院导演系本科，师承著名戏剧大师—赖声川 ；北京电影学院导演系硕士，师承著名导演—田壮壮；获韩国釜山电影节邀请，成为亚洲唯一的中国年轻导演代表，釜山电影节学院首届学员。|资深制片人:常耀华（已签约）  简介：北京电影学院管理系毕业，主要研究方向为影视制片管理和文化市场营销。|制片人:潘俊豪  简介：参与数部电视剧、电影制片经验丰富！  代表作品：电影《刺客聂隐娘》获奖众多，金马奖最佳剧情片；电视剧《致我们终将逝去的青春》、《泡沫之夏》、《幸福一定强》等|', '&lt;p style=&quot;box-sizing: border-box; margin-top: 0px; margin-bottom: 10px; word-wrap: break-word; color: rgb(51, 51, 51); font-family: &amp;#39;Microsoft YaHei&amp;#39;, &amp;#39;Lucida Grande&amp;#39;, Helvetica, &amp;#39;Droid Sans&amp;#39;, FreeSans, &amp;#39;wenquanyi micro hei&amp;#39;, &amp;#39;Hiragino Sans GB&amp;#39;, &amp;#39;Hiragino Sans GB W3&amp;#39;, &amp;#39;Segoe UI&amp;#39;, Arial, Arimo, sans-serif; font-size: 14px; font-variant-ligatures: normal; orphans: 2; white-space: normal; widows: 2; background-color: rgb(255, 255, 255);&quot;&gt;苏红豆大学毕业在北方家乡小城找到了饭店服务员的工作，她不甘心命运的安排，梦想着到大城市去闯荡，机缘巧合，她买了一部二手机，却和机主黎志均共用一个iCould账户，二人通过图片联系相互吸引，苏红豆知道对方是个生活在深圳的成功人士，想趁此机会收获自己的爱情和美好的生活，于是，在黎志均出国时机，提早来到了深圳，想要先适应这里的环境。&lt;/p&gt;&lt;p style=&quot;box-sizing: border-box; margin-top: 0px; margin-bottom: 10px; word-wrap: break-word; color: rgb(51, 51, 51); font-family: &amp;#39;Microsoft YaHei&amp;#39;, &amp;#39;Lucida Grande&amp;#39;, Helvetica, &amp;#39;Droid Sans&amp;#39;, FreeSans, &amp;#39;wenquanyi micro hei&amp;#39;, &amp;#39;Hiragino Sans GB&amp;#39;, &amp;#39;Hiragino Sans GB W3&amp;#39;, &amp;#39;Segoe UI&amp;#39;, Arial, Arimo, sans-serif; font-size: 14px; font-variant-ligatures: normal; orphans: 2; white-space: normal; widows: 2; background-color: rgb(255, 255, 255);&quot;&gt;因为手头窘迫，苏红豆不得不暂时租住在城中村的天台上。她的邻居是一个在餐厅送餐的男孩叶小虎，叶小虎在天台上养了一匹会每天早上打鸣的马，立志要成为一名著名的骑手，叶小虎对苏红豆一见钟情，将自己的稍大一点房子让给苏红豆，自己住在的小房子，还为苏红豆在房上画了花，并带着她夜间骑马，一起去游览深圳，苏红豆虽然心里很清楚叶小虎喜欢自己，但是她一直提醍自己，她来深圳的目标，不是住在城中村，这里对她而言，只是过客，不应该在心里留下记忆。&lt;/p&gt;&lt;p style=&quot;box-sizing: border-box; margin-top: 0px; margin-bottom: 10px; word-wrap: break-word; color: rgb(51, 51, 51); font-family: &amp;#39;Microsoft YaHei&amp;#39;, &amp;#39;Lucida Grande&amp;#39;, Helvetica, &amp;#39;Droid Sans&amp;#39;, FreeSans, &amp;#39;wenquanyi micro hei&amp;#39;, &amp;#39;Hiragino Sans GB&amp;#39;, &amp;#39;Hiragino Sans GB W3&amp;#39;, &amp;#39;Segoe UI&amp;#39;, Arial, Arimo, sans-serif; font-size: 14px; font-variant-ligatures: normal; orphans: 2; white-space: normal; widows: 2; background-color: rgb(255, 255, 255);&quot;&gt;叶小虎费尽心思想要留住苏红豆，并向她告白，苏红豆拒绝了叶小虎的吻，心里却感觉已经爱上了这个男孩，苏红豆找到工作，没想到正是黎志均下属公司，此时，黎志均也回国，苏红豆发现，黎志均不仅不是想象中的霸道总裁，而且很是绅士，&lt;span style=&quot;box-sizing: border-box; font-size: 12pt;&quot;&gt;陪她一起坐公家车&lt;/span&gt;&lt;span style=&quot;box-sizing: border-box; font-size: 12pt;&quot;&gt;，&lt;/span&gt;&lt;span style=&quot;box-sizing: border-box; font-size: 12pt;&quot;&gt;吃大排档，&lt;/span&gt;&lt;span style=&quot;box-sizing: border-box; font-size: 12pt;&quot;&gt;并且在众人面前维护她的尊严，&lt;/span&gt;苏红豆给了自己一万个理由，也必须去爰黎志均，并公开了和黎志均的恋爰。叶小虎虽然伤心，仍没有放弃，一直在关注着苏红豆，他相信，苏红豆大脑里一定会产对自己的爱情多芬胺。&lt;/p&gt;&lt;p style=&quot;box-sizing: border-box; margin-top: 0px; margin-bottom: 10px; word-wrap: break-word; color: rgb(51, 51, 51); font-family: &amp;#39;Microsoft YaHei&amp;#39;, &amp;#39;Lucida Grande&amp;#39;, Helvetica, &amp;#39;Droid Sans&amp;#39;, FreeSans, &amp;#39;wenquanyi micro hei&amp;#39;, &amp;#39;Hiragino Sans GB&amp;#39;, &amp;#39;Hiragino Sans GB W3&amp;#39;, &amp;#39;Segoe UI&amp;#39;, Arial, Arimo, sans-serif; font-size: 14px; font-variant-ligatures: normal; orphans: 2; white-space: normal; widows: 2; background-color: rgb(255, 255, 255);&quot;&gt;追求黎志均的女孩设计陷害了苏红豆贪污，想要逼走苏红豆，苏红豆白口难辨，无法凑齐亏空款，叶小虎为她去逼问陷害她的经理，被关进拘留所。而黎志均相信她的为人，为她解决了问题，并为她准备了公寓，让她搬出城中村。苏红豆想等到叶小虎出来再搬走，二人相见无语，互道珍重。&lt;/p&gt;&lt;p style=&quot;box-sizing: border-box; margin-top: 0px; margin-bottom: 10px; word-wrap: break-word; color: rgb(51, 51, 51); font-family: &amp;#39;Microsoft YaHei&amp;#39;, &amp;#39;Lucida Grande&amp;#39;, Helvetica, &amp;#39;Droid Sans&amp;#39;, FreeSans, &amp;#39;wenquanyi micro hei&amp;#39;, &amp;#39;Hiragino Sans GB&amp;#39;, &amp;#39;Hiragino Sans GB W3&amp;#39;, &amp;#39;Segoe UI&amp;#39;, Arial, Arimo, sans-serif; font-size: 14px; font-variant-ligatures: normal; orphans: 2; white-space: normal; widows: 2; background-color: rgb(255, 255, 255);&quot;&gt;苏红豆搬出了城中村，临走时带走了叶小虎的伤心计数鹅卵石，给他留下了一颗琥珀，住进了公寓以后，本来以为得到幸福的她却倍感失落，触知道自己心里还有着叶小虎的影子，当叶小虎放弃骑师的选择留在城中村时，终于忍不住思念，叫叶小虎来给自己送餐，她补偿了叶小虎一个吻，自己则选择继续留在了公寓。&lt;/p&gt;&lt;p style=&quot;box-sizing: border-box; margin-top: 0px; margin-bottom: 10px; word-wrap: break-word; color: rgb(51, 51, 51); font-family: &amp;#39;Microsoft YaHei&amp;#39;, &amp;#39;Lucida Grande&amp;#39;, Helvetica, &amp;#39;Droid Sans&amp;#39;, FreeSans, &amp;#39;wenquanyi micro hei&amp;#39;, &amp;#39;Hiragino Sans GB&amp;#39;, &amp;#39;Hiragino Sans GB W3&amp;#39;, &amp;#39;Segoe UI&amp;#39;, Arial, Arimo, sans-serif; font-size: 14px; font-variant-ligatures: normal; orphans: 2; white-space: normal; widows: 2; background-color: rgb(255, 255, 255);&quot;&gt;叶小虎的马因为是被偷的被公安局没收了，但是他却终于当上了骑师，拿到了冠军，亲眼看到叶小虎实现了自己理想的苏红豆再也忍不任内心的情感，她回到城中村去找叶小虎，就在上天台的时候，黎志均出现，希望她还能留在自己身边，苏红豆看着阳光下的琥珀里抱了千万年的两只小虫，她决定选择真爱！&lt;/p&gt;&lt;p&gt;&lt;br/&gt;&lt;/p&gt;'),
(37, 67, 0, '2', '/upload/planning-book/2017-05-09/59113750597ed.doc', '喜剧《折腾就是爱》', '1494300192', '4', '《折腾就是爱》由重庆广电集团电视剧制作中心，国家一级导演马雍先生的作品，其监制的电视连续剧《一双绣花鞋》在爱奇艺上的点击量为1090万次；导演的电影《青春.com》在爱奇艺的点击量为678万次。', '2017-05-09/20170509113254.jpg', 1, 2, '影片制片公司艺术总监马雍先生，为重庆广电集团电视剧制作中心国家一级导演，与央视有长期的友好合作|影片制作公司成功运作《一双绣花鞋》《共和国之梦》《周恩来在重庆》|尾片贴片广告动静皆可|', '&lt;p&gt;&lt;span style=&quot;color: rgb(51, 51, 51); font-family: &amp;#39;Microsoft YaHei&amp;#39;, &amp;#39;Lucida Grande&amp;#39;, Helvetica, &amp;#39;Droid Sans&amp;#39;, FreeSans, &amp;#39;wenquanyi micro hei&amp;#39;, &amp;#39;Hiragino Sans GB&amp;#39;, &amp;#39;Hiragino Sans GB W3&amp;#39;, &amp;#39;Segoe UI&amp;#39;, Arial, Arimo, sans-serif; font-size: 14px; font-variant-ligatures: normal; orphans: 2; widows: 2; background-color: rgb(255, 255, 255);&quot;&gt;2016年 11月11日至 2017年3月5日完成： 摄制组成立：2016年11月12日 开机时间： 2016年12月19日（已开机） 停机时间： 2017年1月31日 (左右) 后期制作： 2016年2月1日至2017年3月1日 院线公映时间：2017年7-8月（待定） 网络大电影公映时间：2017年5-6月（待定） 电视台版权：中央电视台6套 5月 网络播放平台：拟定爱奇艺、乐视网、腾讯 整个拍摄制作完成和发行投放市场收回成本，大致在领取公映许可证后四个月左右及盈利。&lt;/span&gt;&lt;/p&gt;'),
(43, 37, 0, '2', '/upload/planning-book/2017-05-11/59142477a7bde.txt', '23423', '1494492279', '1', '23432', 'plan-default.jpg', 0, 1, NULL, ''),
(38, 39, 0, '6', '/upload/planning-book/2017-05-09/59115616ccbf0.doc', '《超能手机》', '1494308374', '4', '一个处处不如意的职场屌丝，突然拥有了一部超能手机，从此他的工作、爱情都发生了天翻地覆地转变……', '2017-05-09/20170509134123.jpg', 1, 1, '1、故事脑洞大开，能满足观众的猎奇心理，观众看惯了各类传统的电影，希望能看到更新奇的故事。《超能手机》  的故事核是新奇的、又富含人生反思与哲理。|2、贴近时代，现在是智能化的时代，我们每个人都离不开手机，都在用手机app，本片中的“超能手机”“心灵虫app”的设定能引起很多当代观众的共鸣。|3、本片是都市暖心爱情喜剧，并有一定的现实意义，在搞笑之余能引发观众的思考。科技的发展并不能完全代替人类的思考，人类要想突破自我，获得幸福最终还是要靠自己。|', '&lt;p style=&quot;box-sizing: border-box; margin-top: 0px; margin-bottom: 10px; word-wrap: break-word; color: rgb(51, 51, 51); font-family: &amp;#39;Microsoft YaHei&amp;#39;, &amp;#39;Lucida Grande&amp;#39;, Helvetica, &amp;#39;Droid Sans&amp;#39;, FreeSans, &amp;#39;wenquanyi micro hei&amp;#39;, &amp;#39;Hiragino Sans GB&amp;#39;, &amp;#39;Hiragino Sans GB W3&amp;#39;, &amp;#39;Segoe UI&amp;#39;, Arial, Arimo, sans-serif; font-size: 14px; font-variant-ligatures: normal; orphans: 2; white-space: normal; widows: 2; background-color: rgb(255, 255, 255);&quot;&gt;&amp;nbsp; 李宏是某手机公司的app开发师，技术十分牛B，但有交流障碍，一直没有被老板重用，比他后来的小员工都升职了，他还是一个普通的工程师。&lt;/p&gt;&lt;p style=&quot;box-sizing: border-box; margin-top: 0px; margin-bottom: 10px; word-wrap: break-word; color: rgb(51, 51, 51); font-family: &amp;#39;Microsoft YaHei&amp;#39;, &amp;#39;Lucida Grande&amp;#39;, Helvetica, &amp;#39;Droid Sans&amp;#39;, FreeSans, &amp;#39;wenquanyi micro hei&amp;#39;, &amp;#39;Hiragino Sans GB&amp;#39;, &amp;#39;Hiragino Sans GB W3&amp;#39;, &amp;#39;Segoe UI&amp;#39;, Arial, Arimo, sans-serif; font-size: 14px; font-variant-ligatures: normal; orphans: 2; white-space: normal; widows: 2; background-color: rgb(255, 255, 255);&quot;&gt;&amp;nbsp;&amp;nbsp;&amp;nbsp;&amp;nbsp;&amp;nbsp; 李宏的父母也在深圳工作，他们十分操心李宏的婚恋问题，常常给他介绍奇葩的相亲对象。李宏还有个妹妹李萌，高中没毕业就出来了，成了某直播公司的网红。&lt;/p&gt;&lt;p style=&quot;box-sizing: border-box; margin-top: 0px; margin-bottom: 10px; word-wrap: break-word; color: rgb(51, 51, 51); font-family: &amp;#39;Microsoft YaHei&amp;#39;, &amp;#39;Lucida Grande&amp;#39;, Helvetica, &amp;#39;Droid Sans&amp;#39;, FreeSans, &amp;#39;wenquanyi micro hei&amp;#39;, &amp;#39;Hiragino Sans GB&amp;#39;, &amp;#39;Hiragino Sans GB W3&amp;#39;, &amp;#39;Segoe UI&amp;#39;, Arial, Arimo, sans-serif; font-size: 14px; font-variant-ligatures: normal; orphans: 2; white-space: normal; widows: 2; background-color: rgb(255, 255, 255);&quot;&gt;&amp;nbsp;&amp;nbsp;&amp;nbsp;&amp;nbsp;&amp;nbsp; 其实李宏之所以不肯去相亲，是因为他心中有一个女神，就是公司的前台程潇潇。不过很可惜潇潇已经名花有名了，她男友是游泳馆的教练，不论自身材还是收入都分分钟秒杀李宏。所以李宏只好把对程潇潇的爱慕藏在心里，每天默默地关注着程潇潇的朋友圈，第一时间为他点赞。&amp;nbsp;&lt;/p&gt;&lt;p style=&quot;box-sizing: border-box; margin-top: 0px; margin-bottom: 10px; word-wrap: break-word; color: rgb(51, 51, 51); font-family: &amp;#39;Microsoft YaHei&amp;#39;, &amp;#39;Lucida Grande&amp;#39;, Helvetica, &amp;#39;Droid Sans&amp;#39;, FreeSans, &amp;#39;wenquanyi micro hei&amp;#39;, &amp;#39;Hiragino Sans GB&amp;#39;, &amp;#39;Hiragino Sans GB W3&amp;#39;, &amp;#39;Segoe UI&amp;#39;, Arial, Arimo, sans-serif; font-size: 14px; font-variant-ligatures: normal; orphans: 2; white-space: normal; widows: 2; background-color: rgb(255, 255, 255);&quot;&gt;&amp;nbsp;&amp;nbsp;&amp;nbsp;&amp;nbsp;&amp;nbsp; 李宏平时几乎没有其他的业余爱好，只是每周固定去手机回收店去买一堆废手机回来宅家里拆了研究，他喜欢从别人的旧手机里寻找那些有趣的秘密。有一次，他又买回了一堆旧手机回来，结果在路上摔了一交手机都掉到水坑里了。回去以后，他拿着吹风机把手机一个个吹干，他发现其中有一个手机造型十分奇特，还微微泛光。他接过那手机，手机自动开机了，界面上只有一个“万能应用超市”的按钮。他点了一下那个按钮，屏幕上自动播放着视频，一个小孩对着屏幕向他介绍应用详情，他吓了一跳，把手机往地上一扔，小孩（虚拟人物）从手机中蹦了出来，站在他旁边。继续向他介绍，这是一款他们公司开发的超级手机，李宏是第一个用户。手机中有一个“万能应用超市”，里面有各种神奇的应用。比如&lt;span style=&quot;box-sizing: border-box; font-weight: 700;&quot;&gt;万能数据库&lt;/span&gt;——能直接通过大脑连接网络数据库，在脑中查百科知识，比如说出一部电影，能很轻松查出导演、编剧、及各种内幕花絮；&lt;span style=&quot;box-sizing: border-box; font-weight: 700;&quot;&gt;读心神器&lt;/span&gt;——能根据人们的基本信息，读出他的心声；&lt;span style=&quot;box-sizing: border-box; font-weight: 700;&quot;&gt;测谎仪&lt;/span&gt;——测试他人有没有说谎；&lt;span style=&quot;box-sizing: border-box; font-weight: 700;&quot;&gt;超能相机&lt;/span&gt;——能用眼睛照相，自带美颜功能，无限制推拉；李宏现在可以选择是否跟这款超能手机绑定，一旦绑定终生不能解绑，也不能向任何人透露绑定的事。超能手机不用充电，它会直接从被绑定人身上吸收能量，多吃甜食就能给手机充电。面对这么多超强功能的诱惑，李宏最终还是选择跟手机绑定了。&lt;/p&gt;&lt;p&gt;&lt;br/&gt;&lt;/p&gt;'),
(39, 39, 7, '7', '/upload/planning-book/2017-05-09/5911585a9273b.doc', '追求《天香豆蔻》', '1494308954', '2', '他说他三天后的黄昏会回来娶她为妻。他叫楚飞，在杀手行业里,他的剑最快,在他所属的组织里,他排行第一,这决定他要杀的人都是很强的对手。他有一个心爱的女人。他每次要杀人之前，都会到那个女人所在的妓院去看她。但是那次之后却。。。。。。', '2017-05-09/20170509135123.jpg', 1, 9, '本片故事剧情，讲述了一段唯美感人的凄美爱情故事，题材画面唯美，我们用心打造好的视觉画面。|除票房以外,投资人还享有以下收益:移动运营商收入：移动、电信、联通，播放收益分红。 电视版权收益 : 销售给海内、外电视台的播放版权收益，有效期一年。 衍生产品收益 : 音像制品、画册收益。 植入广告的收益。|承诺最后上映日期及逾期回购投资人权益 最后上映日期:2017-09-30 逾期未上映将按以下年化收益回报投资人份额: 12%|优先返回投资人本金 承担劣后责任的投资方:深圳网大影视传媒有限公司  承担劣后分配的资金量: 50万|', '&lt;p&gt;&lt;span style=&quot;color: rgb(51, 51, 51); font-family: KaiTi; font-variant-ligatures: normal; orphans: 2; widows: 2; background-color: rgb(255, 255, 255);&quot;&gt;他说他三天后的黄昏会回来娶她为妻。他叫楚飞，在杀手行业里,他的剑最快,在他所属的组织里,他排行第一,这决定他要杀的人都是很强的对手。他有一个心爱的女人。他每次要杀人之前，都会到那个女人所在的妓院去看她。这一次，楚非说，他完成了任务就回来娶她。现在是第五天,这条路上依旧没有他的身影。楚飞每次回来都会带着伤疤,他第一次到女人那里时,皮肤完好,古铜色,没有伤疤. 五天前，女人数过他身上的伤疤,29处,令人悚目.&amp;nbsp;第六天,阴天,大风.一片混乱,走来一个人,他背着楚飞.&amp;nbsp;“楚飞死了?”&amp;nbsp;“他永远不会死.因为他服用了天香豆蔻.”&amp;nbsp;“天香豆蔻?为什么要用它?”“&amp;nbsp;没有它,他会死.”“&amp;nbsp;有没有救醒他的办法?&amp;nbsp;”“可能有.有种药的存在只是个传说,无人见过.&amp;nbsp;”“是什么?&amp;nbsp;孟婆汤.”&lt;/span&gt;&lt;/p&gt;');

-- --------------------------------------------------------

--
-- 表的结构 `qiq_plan_block`
--

CREATE TABLE IF NOT EXISTS `qiq_plan_block` (
  `id` int(10) NOT NULL AUTO_INCREMENT,
  `name` varchar(30) NOT NULL,
  PRIMARY KEY (`id`)
) ENGINE=MyISAM  DEFAULT CHARSET=utf8 AUTO_INCREMENT=6 ;

--
-- 转存表中的数据 `qiq_plan_block`
--

INSERT INTO `qiq_plan_block` (`id`, `name`) VALUES
(1, '作品方案'),
(2, '作品制作'),
(3, '版权申请'),
(4, '孵化完成');

-- --------------------------------------------------------

--
-- 表的结构 `qiq_praise`
--

CREATE TABLE IF NOT EXISTS `qiq_praise` (
  `zid` int(11) NOT NULL AUTO_INCREMENT COMMENT '点赞id',
  `Uid` int(11) NOT NULL COMMENT '用户id',
  `Vid` int(11) NOT NULL COMMENT '视频id',
  `Pid` int(11) NOT NULL COMMENT '策划书id',
  PRIMARY KEY (`zid`)
) ENGINE=MyISAM  DEFAULT CHARSET=utf8 AUTO_INCREMENT=137 ;

--
-- 转存表中的数据 `qiq_praise`
--

INSERT INTO `qiq_praise` (`zid`, `Uid`, `Vid`, `Pid`) VALUES
(1, 37, 26, 0),
(25, 34, 25, 0),
(56, 37, 0, 24),
(34, 37, 25, 0),
(60, 61, 0, 26),
(59, 61, 0, 24),
(58, 37, 0, 22),
(61, 61, 61, 0),
(93, 35, 0, 22),
(97, 35, 61, 0),
(98, 65, 61, 0),
(99, 65, 61, 0),
(102, 61, 0, 22),
(106, 64, 0, 25),
(105, 61, 0, 25),
(107, 64, 0, 24),
(108, 64, 61, 0),
(112, 61, 24, 0),
(111, 61, 26, 0),
(113, 61, 23, 0),
(115, 65, 24, 0),
(116, 65, 0, 22),
(118, 35, 39, 0),
(119, 35, 1, 0),
(120, 37, 0, 33),
(121, 37, 0, 32),
(122, 35, 0, 33),
(123, 66, 0, 34),
(124, 67, 12, 0),
(125, 57, 6, 0),
(128, 37, 12, 0),
(127, 37, 0, 39),
(131, 67, 6, 0),
(133, 67, 0, 40),
(135, 67, 13, 0);

-- --------------------------------------------------------

--
-- 表的结构 `qiq_private_letter`
--

CREATE TABLE IF NOT EXISTS `qiq_private_letter` (
  `id` int(11) NOT NULL AUTO_INCREMENT COMMENT 'id',
  `Fromid` int(11) NOT NULL COMMENT '发送者id',
  `Toid` int(11) NOT NULL COMMENT '接收者id',
  `lettercontent` varchar(200) NOT NULL COMMENT '私信内容',
  `letter_state` int(50) NOT NULL DEFAULT '0' COMMENT '私信状态 0未读  1已读',
  `letter_time` int(11) NOT NULL COMMENT '私信时间',
  PRIMARY KEY (`id`)
) ENGINE=MyISAM  DEFAULT CHARSET=utf8 AUTO_INCREMENT=24 ;

--
-- 转存表中的数据 `qiq_private_letter`
--

INSERT INTO `qiq_private_letter` (`id`, `Fromid`, `Toid`, `lettercontent`, `letter_state`, `letter_time`) VALUES
(16, 61, 61, '123', 1, 1492707297),
(3, 37, 61, '345', 1, 1492692316),
(4, 37, 61, '234', 1, 1492692357),
(7, 37, 61, '123', 1, 1492692720),
(17, 65, 61, '0', 1, 1494075371),
(18, 64, 61, '0', 1, 1494076855),
(19, 64, 61, '0', 1, 1494076949),
(20, 64, 61, '你好啊', 1, 1494077036),
(21, 39, 37, 'zhengfuming', 1, 1494253883),
(22, 37, 39, '123456', 0, 1494321891),
(23, 67, 39, '你好', 0, 1494335288);

-- --------------------------------------------------------

--
-- 表的结构 `qiq_team`
--

CREATE TABLE IF NOT EXISTS `qiq_team` (
  `id` int(11) NOT NULL AUTO_INCREMENT COMMENT '团队id',
  `Uid` int(11) NOT NULL COMMENT '用户id',
  `team_name` varchar(20) COLLATE utf8mb4_unicode_ci NOT NULL COMMENT '团队名称',
  `team_slogan` varchar(50) COLLATE utf8mb4_unicode_ci NOT NULL COMMENT '团队口号',
  `team_summary` text COLLATE utf8mb4_unicode_ci NOT NULL COMMENT '团队简介',
  `team_pic` varchar(100) COLLATE utf8mb4_unicode_ci NOT NULL COMMENT '团队照片路径',
  `team_times` int(11) NOT NULL COMMENT '团队浏览量',
  `status` int(3) NOT NULL DEFAULT '0',
  PRIMARY KEY (`id`)
) ENGINE=MyISAM  DEFAULT CHARSET=utf8mb4 COLLATE=utf8mb4_unicode_ci AUTO_INCREMENT=9 ;

--
-- 转存表中的数据 `qiq_team`
--

INSERT INTO `qiq_team` (`id`, `Uid`, `team_name`, `team_slogan`, `team_summary`, `team_pic`, `team_times`, `status`) VALUES
(1, 37, '智慧队', '智慧创艺，汇聚创业', '这是一个互帮互助的团队，有着明确的分工和开阔的眼界， 他们不受传统的拘泥，敢想敢做，有着创业的激情和恒心，一直保持着严谨求实的态度， 相信运气就是机会碰巧撞到了努力，踏实地付出努力总能换来成功，Just do it！', '5911a255eeac0.png', 4, 1),
(2, 51, '创意团队', '创意、创意、还是创意', '我们以敏锐的目光，鲜明的个性，寻求心灵与心灵的沟通。我们以至诚的态度，为您服务！我们是以商务礼仪庆典、活动广告策划为主的综合文化传播公司，旗下拥有专业艺术院校的演员组成的专业表演团队,拥有强大的演出阵容及丰富的文艺演出节目。', '590f7747335b9.png', 0, 1),
(5, 35, '开黑打代码', '给力，给力，勇往直前！给力，给力，冲破无限！', '成都影上文化传媒有限公司在成都设立公司，是在中国影视传媒事业蓬勃发展的大环境下，快速成长起来的覆盖整体影视产业链的股份制影视传媒公司。影上致力于从核心商业电影产品入手，结合市场研发，发掘和运作优质电影项目，联合超一流的制作团队，配合各种有效资源，宣发先行，整合影视产业的全产业链资源。我们运用移动互联网时代的创新技术和传播手段，整合文化跨领域资源，拓展广阔的文化衍生市场。', '590f738ee37be.png', 0, 1),
(6, 64, '综艺产业团队', '没有最难的事情，只有最新的创意', '这是一支新兴的综艺创意创业团队，我们会不定时提供各种综艺创意', '590da24fe7c0e.png', 0, 1),
(7, 39, '精英队', '精领天下，英才神话', '凝聚一种力量，提供一种精神，共同完成一个使命。卓越非凡的团队，才华横溢的精英，独具创意的领袖，不同寻常的经历，梦想与现实的交融，一演一次又一次震撼人心的传奇', '59115762a0f70.png', 8, 1),
(8, 67, '333333', '333333', '333333', '5911bf9f4189a.png', 0, 0);

-- --------------------------------------------------------

--
-- 表的结构 `qiq_teammember`
--

CREATE TABLE IF NOT EXISTS `qiq_teammember` (
  `id` int(11) NOT NULL AUTO_INCREMENT COMMENT '团队成员表id',
  `Tid` int(11) NOT NULL COMMENT '团队表id',
  `member_name` varchar(10) COLLATE utf8mb4_unicode_ci NOT NULL COMMENT '成员名称',
  `member_summary` varchar(300) COLLATE utf8mb4_unicode_ci NOT NULL COMMENT '成员简介',
  `member_type` varchar(5) COLLATE utf8mb4_unicode_ci NOT NULL COMMENT '导师、成员',
  PRIMARY KEY (`id`)
) ENGINE=MyISAM  DEFAULT CHARSET=utf8mb4 COLLATE=utf8mb4_unicode_ci AUTO_INCREMENT=41 ;

--
-- 转存表中的数据 `qiq_teammember`
--

INSERT INTO `qiq_teammember` (`id`, `Tid`, `member_name`, `member_summary`, `member_type`) VALUES
(35, 2, '杨金林', '毕业于浙江传媒学院多媒体制作专业，浙江传媒学院“浙江省非物质文化遗产研究基地”特聘教师。长期从事电影、纪录片、电视节目创作，以及负责部门产学研相关工作。', '导师'),
(22, 3, '陈来了', '哈哈哈哈', '导师'),
(23, 3, '明明名', '2007年获得华南理工大学博士学位，现任东莞理工学院计算机学院副院长，广东省电子商务大数据工程技术中心主任，是广东工业大学等国内五校硕士导师、广东省科技咨询专家、广东省自然科学基金同行评议专家、广东省软件与信息服务业评审专家、广东省综合评标专家和东莞市科技咨询专家。 秦教授主要致力于计算机网络中负载平衡理论与实现技术。光互连OTIS网络负载平衡理论、算法和调度。QosR优化中的MCP等问题的研究。主持完成了广东省自然科学基金项目1项、广东省教育厅自然科学研究项目1项、参与1项国家863项目的研究工作。主持或主要承担完成了东莞、佛山、惠州、珠海等市科技计划重点项目和产学研项目等多项纵向横向课题3', '成员'),
(26, 4, '广泛大概', '鬼地方', '导师'),
(25, 4, '防守对方', '范德萨', '导师'),
(32, 5, '郭虎', '郭虎师从香港著名导演林玉芬。 曾任大型剧组执行导演，副导演。代表作品《花千骨》执行导演。《三生三世十里桃花》执行导演。《步步惊心》执行导演。《无心法师》执行导演。《微微一笑很倾城》执行导演。《湄公河大案》执行导演。 院线电影：2016年导演院线《醉+拍档》', '导师'),
(30, 6, '李天胜', '就读于XX大学电子信息工程专业，在校期间热爱所学专业，认真学习专业基础知识，注重实验实践锻炼。曾获得国家励志奖学金一次、校优秀学生校友奖学金一次、校优秀学生奖学金二等奖两次;两次获得校“优秀团干”，两次获校“三好学生”称号;已获得英语四、六级证书和计算机二级C语言合格证书;思想上积极进步，于20XX年获得“优秀共产党员”称号;平时积极参加院系组织的活动，参加学校组织的暑期调研征文比赛并获得一等奖，参加全国大学生英语竞赛学校初赛并取得良好成绩，积极参加院系组织的篮球比赛、演讲比赛等文体活动。大学生活使我收获颇丰，增长了知识，开阔了眼界，综合素质也得到了很大提高。', '导师'),
(31, 6, '陈小脸', '就读与xxx大学，热爱综艺产业。', '成员'),
(33, 5, '付利娟', '成都影上文化传媒有限公司法人，代表作网大电影《生人勿近》《我的七岁男友》《这儿是我家》。拥有非常丰富的制片经验。', '成员'),
(34, 5, '杜安琪', '毕业于北京电影学院，2016主演院线电影《我的青春不怕疼》曾出演过影视剧电影《月光姐妹》、《青铜爱情》、《后会有期》、被观众熟知。演技精湛，有着高于一般演员的颜值辨别度。', '成员'),
(36, 2, '王昌慧', '毕业于宁波大学网络与信息管理专业\r\n浙江真橙影视文化发展有限公司 执行董事兼总经理\r\n韩国天顶集团 中方合伙人\r\n韩国ZENITH GLOBAL娱乐公司 中方合伙人\r\n韩国知名娱乐媒体TOPSTAR NEWS 中方媒体运营合伙人\r\n宁波微电影协会 副会长\r\n宁波东北商会 理事', '成员'),
(37, 7, '精英', '1、培养团队文化，确立团队目标，领导团队行动。 \r\n2、不断吸引最优秀的人才。 \r\n3、拓展顾客，拓展团队，实现宏伟目标。 \r\n4、重现团队协作。 \r\n5、培育内部人才市场，为创立精英团队提供有利条件。 \r\n6、在团队外面寻找新创意，不断提供给团队。 \r\n7、协调空间、程序和时间，鼓励团队成员贡献创意。', '导师'),
(38, 7, '陈员', '心理分析的核心就是“买传闻，卖事实”。孙子兵法云，兵者，诡道也。故能而示之不能，用而示之不用，近而示之远，远而示之近。此乃虚就是实，实就是虚，市场热炒的永远都是预期，当预期真正成为事实后，反倒会被市场资金所冷落。所以，金融市场本身就是逆人性的。', '成员');

-- --------------------------------------------------------

--
-- 表的结构 `qiq_user`
--

CREATE TABLE IF NOT EXISTS `qiq_user` (
  `id` int(10) unsigned NOT NULL AUTO_INCREMENT,
  `username` varchar(50) COLLATE utf8mb4_unicode_ci NOT NULL,
  `password` varchar(64) COLLATE utf8mb4_unicode_ci NOT NULL,
  `sex` varchar(2) COLLATE utf8mb4_unicode_ci DEFAULT NULL,
  `realname` varchar(20) COLLATE utf8mb4_unicode_ci DEFAULT NULL,
  `phone` varchar(11) COLLATE utf8mb4_unicode_ci NOT NULL,
  `email` varchar(50) COLLATE utf8mb4_unicode_ci NOT NULL,
  `occupation` varchar(50) COLLATE utf8mb4_unicode_ci DEFAULT NULL,
  `motto` varchar(150) COLLATE utf8mb4_unicode_ci DEFAULT NULL COMMENT '个性签名',
  `user_score` int(11) NOT NULL DEFAULT '0',
  `user_grade` int(11) NOT NULL DEFAULT '1',
  `province` varchar(20) COLLATE utf8mb4_unicode_ci DEFAULT NULL COMMENT '省级地址',
  `city` varchar(20) COLLATE utf8mb4_unicode_ci DEFAULT NULL COMMENT '市级地址',
  `district` varchar(20) COLLATE utf8mb4_unicode_ci DEFAULT NULL COMMENT '县级地址',
  `head_pic` varchar(64) COLLATE utf8mb4_unicode_ci NOT NULL,
  `reg_time` timestamp NOT NULL DEFAULT CURRENT_TIMESTAMP ON UPDATE CURRENT_TIMESTAMP,
  `reg_ip` varchar(64) COLLATE utf8mb4_unicode_ci NOT NULL,
  `user_qq` varchar(20) COLLATE utf8mb4_unicode_ci NOT NULL,
  `user_wechat` varchar(50) COLLATE utf8mb4_unicode_ci NOT NULL,
  `user_weibo` varchar(50) COLLATE utf8mb4_unicode_ci NOT NULL,
  PRIMARY KEY (`id`)
) ENGINE=MyISAM  DEFAULT CHARSET=utf8mb4 COLLATE=utf8mb4_unicode_ci AUTO_INCREMENT=77 ;

--
-- 转存表中的数据 `qiq_user`
--

INSERT INTO `qiq_user` (`id`, `username`, `password`, `sex`, `realname`, `phone`, `email`, `occupation`, `motto`, `user_score`, `user_grade`, `province`, `city`, `district`, `head_pic`, `reg_time`, `reg_ip`, `user_qq`, `user_wechat`, `user_weibo`) VALUES
(39, 'gtrdgdf', 'e10adc3949ba59abbe56e057f20f883e', '', '', '', '1810886612@qq.com', '', '', 0, 1, '', '', '', 'default.jpg', '2017-05-09 05:36:26', '127.0.0.1', '', '', ''),
(51, 'ZQM', 'e10adc3949ba59abbe56e057f20f883e', '', '', '', '3133569787@qq.com', '', '', 0, 1, '', '', '', '5910853c3a01e.png', '2017-05-09 03:12:16', '127.0.0.1', '', '', ''),
(37, 'zhengfuming', 'e10adc3949ba59abbe56e057f20f883e', '男', '郑福明', '15818390061', '18108866124@qq.com', '程序员php', '同样拥有骄傲的内心，却愿意将自己放的很低。9', 0, 1, '广东省', '湛江市', '', '5911a26948438.png', '2017-05-21 08:22:44', '127.0.0.1', '', '', ''),
(35, 'root123', '63a9f0ea7bb98050796b649e85481845', '', '', '15818390064', '', '', '', 0, 1, '', '', '', '5910308748330.png', '2017-05-08 17:49:12', '127.0.0.1', '', '', ''),
(57, 'qiq14562452', 'e10adc3949ba59abbe56e057f20f883e', '', '', '15818390062', '', '', '', 0, 1, '', '', '', '59106fd5eb57d.png', '2017-05-11 06:11:27', '127.0.0.1', '', '', ''),
(61, '我爱罗', 'd3fbd0c353bd46801f9fbc3989eb5fd1', '女', '陈小花', '15818334684', '', '模特', '哈哈哈哈', 0, 1, '广东省', '东莞市', '三元里', '590dd60756738.png', '2017-05-07 07:05:54', '127.0.0.1', '', '', ''),
(62, '149158082367', 'd3fbd0c353bd46801f9fbc3989eb5fd1', NULL, NULL, '15818336954', '', NULL, NULL, 0, 1, NULL, NULL, NULL, 'default.jpg', '2017-04-07 16:00:23', '127.0.0.1', '', '', ''),
(63, '149332665118', 'd3fbd0c353bd46801f9fbc3989eb5fd1', NULL, NULL, '15818334683', '', NULL, NULL, 0, 1, NULL, NULL, NULL, 'default.jpg', '2017-04-27 20:57:52', '127.0.0.1', '', '', ''),
(64, 'huihui', 'd3fbd0c353bd46801f9fbc3989eb5fd1', '男', '陈荣辉', '15818334687', '', '程序员', '不带走一片彩虹', 0, 1, '辽宁省', '盘锦市', '大洼县', '590da66a97ce9.png', '2017-05-06 12:36:08', '127.0.0.1', '', '', ''),
(65, '149407421719', 'd3fbd0c353bd46801f9fbc3989eb5fd1', NULL, NULL, '15818334688', '', NULL, NULL, 0, 1, NULL, NULL, NULL, '590dc47a1e34d.png', '2017-05-07 08:45:07', '127.0.0.1', '', '', ''),
(67, '149429958677', 'e10adc3949ba59abbe56e057f20f883e', '男', '郑福明', '', '13068993253@163.com', '程序员', '45325432', 0, 1, '广东省', '湛江市', '', '5911bfa8b90e4.png', '2017-05-11 04:30:23', '127.0.0.1', '', '', ''),
(66, 'root123', 'e10adc3949ba59abbe56e057f20f883e', NULL, '', '', '15818390062@163.com', '', '', 0, 1, '', '', '', 'default.jpg', '2017-05-11 06:04:00', '127.0.0.1', '', '', '');

-- --------------------------------------------------------

--
-- 表的结构 `qiq_user_behavior`
--

CREATE TABLE IF NOT EXISTS `qiq_user_behavior` (
  `id` int(30) NOT NULL AUTO_INCREMENT,
  `videoid` int(30) NOT NULL,
  `userid` int(30) NOT NULL,
  `pause` text NOT NULL,
  `start` text NOT NULL,
  PRIMARY KEY (`id`)
) ENGINE=MyISAM  DEFAULT CHARSET=utf8 AUTO_INCREMENT=40 ;

--
-- 转存表中的数据 `qiq_user_behavior`
--

INSERT INTO `qiq_user_behavior` (`id`, `videoid`, `userid`, `pause`, `start`) VALUES
(2, 26, 61, '159,12,158,344,351,105,114,179,360,437,2,149,287,399,26,33,218,236,239,330,173,113,280,7,8,10,225,43', ',0,179,355,222,201,342,150,229,360,437,2,149,287,399,26,218,239,330,173,113,280,3,7,10,225'),
(4, 25, 61, ',196,319,482,2,176,195', '0,196,319,176'),
(5, 23, 61, ',108,212,321,399,402,16,284,299,355,131,213', '0,108,212,321,399,402,171,284,182,355,131,213'),
(6, 24, 61, ',196,274,300,0,1,131', '0,196,300,126'),
(7, 23, 35, '', '0'),
(8, 26, 65, ',143,215,99,245,350,84,93,110', '0,5,6,12,13,143,215,245,350,84,93,196'),
(9, 25, 65, '', '0'),
(10, 24, 65, ',22', '0'),
(11, 30, 65, '', '0'),
(12, 31, 35, ',6', '0'),
(13, 30, 35, ',5,179,185,194,196', '0,5,179,182,185,194'),
(14, 31, 37, '', '0'),
(15, 36, 35, ',13,39,24,51,75,108', '0,13,39,3,24,51,75,108'),
(16, 38, 35, ',34', '0,34,47'),
(17, 39, 35, ',320,43', '0,43'),
(18, 40, 35, ',53,91,135', '0,53,91,135'),
(19, 41, 35, ',15,56,68', '0,15,56,68'),
(20, 1, 35, '', '0'),
(21, 2, 35, '', '0'),
(22, 3, 35, '', '0'),
(23, 4, 37, ',31', '0,31'),
(24, 1, 37, ',34,42', '0,34,42'),
(25, 6, 57, ',13,47,65,80,99', '0,13,47,65,80,99'),
(26, 5, 57, ',5,13', '0,5'),
(27, 8, 57, '', '0'),
(28, 13, 39, ',11,20,34,69,96,107', '0,11,20,34,69,96,107'),
(29, 10, 35, ',229', '0,229'),
(30, 13, 67, ',23,24', '0,23'),
(31, 6, 67, ',29,55,102,40,41', '0,29,55,102,40'),
(32, 12, 67, '', '0'),
(33, 12, 37, ',2,1,3,45', '0,44'),
(34, 6, 37, ',0,3', '0'),
(35, 11, 57, ',31,15,37,57,84,166,237', '0,31,15,37,57,84,166'),
(36, 13, 37, '', '0'),
(37, 9, 37, ',10,24,34,49,63', '0,10,24,34,49,63'),
(38, 3, 37, '', '0'),
(39, 2, 37, ',27,57,84,104', '0,27,57,84,104');

-- --------------------------------------------------------

--
-- 表的结构 `qiq_video`
--

CREATE TABLE IF NOT EXISTS `qiq_video` (
  `id` int(11) NOT NULL AUTO_INCREMENT COMMENT '主键',
  `Uid` int(11) NOT NULL COMMENT '用户id',
  `Tid` int(11) NOT NULL COMMENT '团队id',
  `video_title` varchar(50) COLLATE utf8mb4_unicode_ci NOT NULL COMMENT '视频标题',
  `video_summary` varchar(300) COLLATE utf8mb4_unicode_ci NOT NULL COMMENT '视频简介',
  `video_cover` varchar(50) COLLATE utf8mb4_unicode_ci NOT NULL DEFAULT 'video-default.jpg' COMMENT '视频封面（路径）',
  `video_route` varchar(50) COLLATE utf8mb4_unicode_ci NOT NULL COMMENT '视频（存储路径）',
  `vidup_time` varchar(30) COLLATE utf8mb4_unicode_ci NOT NULL COMMENT '视频上传时间',
  `play_times` int(11) NOT NULL DEFAULT '0' COMMENT '视频播放次数',
  `video_mark` int(11) NOT NULL DEFAULT '0' COMMENT '视频评分',
  `video_praise` int(11) NOT NULL DEFAULT '0' COMMENT '点赞个数',
  `video_collection` int(11) NOT NULL DEFAULT '0' COMMENT '收藏个数',
  `video_type` varchar(20) COLLATE utf8mb4_unicode_ci NOT NULL COMMENT '视频类型',
  `video_state` int(11) NOT NULL DEFAULT '0' COMMENT '视频审核状态',
  `is_change` int(3) NOT NULL DEFAULT '0',
  PRIMARY KEY (`id`)
) ENGINE=MyISAM  DEFAULT CHARSET=utf8mb4 COLLATE=utf8mb4_unicode_ci AUTO_INCREMENT=21 ;

--
-- 转存表中的数据 `qiq_video`
--

INSERT INTO `qiq_video` (`id`, `Uid`, `Tid`, `video_title`, `video_summary`, `video_cover`, `video_route`, `vidup_time`, `play_times`, `video_mark`, `video_praise`, `video_collection`, `video_type`, `video_state`, `is_change`) VALUES
(1, 35, 5, '慢慢习惯-刘德华', '刘德华致所有警察的一首“情歌”。作为五一档唯一一部重量级城市反恐题材警匪大片，此次发布的主题曲MV《慢慢习惯》则一转风格，刘德华的演唱深沉抒情、画面中的爱情片段细腻感人。MV画面中展现了拆弹专家刘德华与宋佳从相识相知到相爱的点滴，两人生活中的甜蜜与拆弹专家这一职业的危险形成强烈对比。', '2017-05-09/20170509100854.png', '/upload/Video/2017-05-08/59102909aa0b6.mp4', '1494231305', 53, 0, 1, 1, '5', 1, 2),
(2, 35, 0, '戚薇 - 有个人', '戚薇为自己主演的都市情感大戏《繁星四月》演唱《有个人》，作为《繁星四月》的主题曲。戚薇全程参与作词，她对角色的深刻领悟让这首歌的歌词更加贴合剧中人物内心，寥寥数行，却也成为了无数都市人类“双面灵魂”的日常写实。', '2017-05-09/20170509101352.png', '/upload/Video/2017-05-08/59102c35d9ad9.mp4', '1494231344', 41, 0, 0, 0, '4', 1, 2),
(3, 35, 0, '李健 - 春风十里不如你', '“音乐诗人”李健受“文艺诗人”冯唐力邀，亲自操刀为大型青春纯爱电视剧《春风十里，不如你》创作同名主题曲。两大文艺男神的远方终于交集在一起，为该剧的高品质再添重磅。', '59104cd266a12.jpg', '/upload/Video/2017-05-08/59104cd266a12.mp4', '1494240466', 4, 0, 0, 0, '4', 1, 2),
(4, 37, 0, '可惜没有如果', '林俊杰和张怀秋是很好的朋友，一天俩人喝多了回到了母校怀念，林俊杰在母校的剧场弹奏钢琴被音乐老师Angelababy听到了，林俊杰没穿鞋还比较腼腆于是就藏到了台下，Angelababy没有看到林俊杰就把张怀秋误认为是林俊杰了，之后和张怀秋在一起了，其实林俊杰喜欢Angelababy，但是他和张怀秋是好兄弟所以只能心里想着却不不能表明。', '5910519da7d47.jpg', '/upload/Video/2017-05-08/5910519da7d47.mp4', '1494241695', 2, 0, 0, 0, '1', 1, 2),
(5, 61, 1, '五月天 - 突然好想你', '《突然好想你》音乐MV请来陈宏一导演掌镜，歌曲讲述每个人心中甜甜又酸涩的往日恋爱回忆，五月天也特别分享自己的初恋故事', '2017-05-09/20170509143552.png', '/upload/Video/2017-05-08/59106a225073f.mp4', '1494231325', 37, 0, 0, 0, '6', 1, 2),
(6, 37, 0, '薛之谦 - 独家专访薛之谦', '从只会傻傻付出的懵懂“初学者”，到历尽沧桑看破套路的“演员”，薛之谦在向世人展示了自己不同的心路情感。歌手，段子手，火锅店老板，用生命在多元跨界的薛之谦，怎么看新歌的市场反馈？又为何痛恨黄牛党？网易云音乐专访薛之谦。', '2017-05-09/20170509095704.png', '/upload/Video/2017-05-08/59106aab496a5.mp4', '1494231308', 46, 0, 2, 1, '5', 1, 2),
(7, 37, 1, '张芸京 - 偏爱', '《偏爱》是《仙剑奇侠传3》原声带中收录的8个插曲之一，由金牌大风音乐集团出品，2009年张芸京刚拿下超级偶像冠军，应胡歌的邀请，为该剧原声带献唱。', '59106d714866c.jpg', '/upload/Video/2017-05-08/59106d714866c.mp4', '1494231350', 0, 0, 0, 0, '1', 1, 2),
(8, 57, 0, '陈奕迅 - 陪你度过漫长岁月', '由周迅监制，根据安东尼同名畅销书改编的电影《陪安东尼度过漫长岁月》将于11月13日上映，周迅力邀香港乐坛实力唱将陈奕迅开嗓献唱，Eason极具辨识度的嗓音配上悠扬柔美的词曲，狂掀暖心狂潮。主题曲延续Eason一贯的“E式情歌”风格，透过感人的旋律传达心声。', '59106f75b393c.jpg', '/upload/Video/2017-05-08/59106f75b393c.mp4', '1494249334', 1, 0, 0, 0, '3', 1, 2),
(9, 57, 0, '超能陆战队', '《Immortals》是电影《超能陆战队》的主题曲。最初，迪斯尼要求Fall Out Boy乐队为讲述一群学生由高智商变为高科技英雄团队的电影《超能陆战队》谱写和表演一首歌曲。贝斯手Pete Wentz回忆，乐队成员去见迪斯尼董事后，董事向乐队介绍影片故事，电影的主人公们与乐队看世界的方式疯狂地相似，就深藏在Fall Out Boy的DNA中', '5910709235148.jpg', '/upload/Video/2017-05-08/5910709235148.mp4', '1494249618', 6, 0, 0, 0, '2', 1, 2),
(11, 57, 0, '杨宗纬 - 一次就好', '《夏洛特烦恼》暖水曲《一次就好》，为报答观众“自来水”，特别力邀新世代歌神杨宗纬倾情献唱，在电影中是沈腾饰演的夏洛写给喜欢的人的歌，也是夏洛唯一“原创”的歌曲，虽然不曾唱给马丽饰演的马冬梅听，但却成为她最爱的歌曲。', '591072ee01a35.jpg', '/upload/Video/2017-05-08/591072ee01a35.mp4', '1494250222', 8, 0, 0, 1, '2', 1, 2),
(12, 39, 0, '周深 - 大鱼', '7月8日首映的电影《大鱼海棠》推出印象曲MV《大鱼》，MV以电影画面剪辑而成，有展现“其他人”世界绚丽多彩的广阔镜头，又有对椿、鲲、湫情感的细腻刻画，词曲、演唱与MV画面圆融如意，极富中国传统之美。', '5910748fc1d74.jpg', '/upload/Video/2017-05-08/5910748fc1d74.mp4', '1494250640', 19, 0, 2, 2, '1', 1, 2),
(13, 39, 0, '微微一笑很倾城', '杨洋献唱电视剧《微微一笑很倾城》片尾曲\r\n简介：杨洋为《微微一笑很倾城》首度献声电视剧同名OST！《微微一笑很倾城》展露了杨洋作为“最佳男友”肖奈的浪漫一面，甜甜的清澈的少年的教科书般的初恋专属男友。如果，我知道有一天我会这么爱你，我一定对你一见钟情……打造玄幻暑期档“夹击”中的“纯美校园清流OST”。', '2017-05-09/20170509102412.png', '/upload/Video/2017-05-08/591074ff81cbd.mp4', '1494231310', 67, 0, 1, 1, '4', 1, 2),
(20, 66, 0, '邓紫棋专访', '2017年，邓紫棋借用全新巡演主题“Queen of Hearts”,宣告昔日的金鱼妹已经蜕变为“红心女王”。爆红之后的三年她有什么成长？面对非议她是怎样的态度？怎么看待现在的音乐市场？\r\n《超级面对面》独家专访邓紫棋5月4日早9点网易云音乐全平台上线。', '5913edaae1cfd.jpg', '/upload/Video/2017-05-11/5913edaae1cfd.mp4', '1494478252', 0, 0, 0, 0, '5', 1, 2),
(19, 66, 0, '孙燕姿 - 半句再见', '青春电影《六弄咖啡馆》今日发布由歌坛天后孙燕姿 献唱的主题曲《半句再见》MV ，片方特别邀请到歌坛天后孙燕姿跨刀献唱，更是因为作为代表一代人青春回忆的“标签式”人物，孙燕姿和电影《六弄咖啡馆》的独特气质不谋而合。', '591276ad45ea9.jpg', '/upload/Video/2017-05-10/591276ad45ea9.mp4', '1494382254', 1, 0, 0, 0, '6', 0, 2);

-- --------------------------------------------------------

--
-- 表的结构 `qiq_video_attributes`
--

CREATE TABLE IF NOT EXISTS `qiq_video_attributes` (
  `videoid` int(11) NOT NULL,
  `channels` int(11) DEFAULT NULL,
  `abit_rate` int(11) DEFAULT NULL,
  `width` int(11) DEFAULT NULL,
  `height` int(11) DEFAULT NULL,
  `vbit_rate` int(11) DEFAULT NULL,
  `duration` varchar(40) DEFAULT NULL,
  `size` varchar(20) DEFAULT NULL,
  `id` int(11) NOT NULL AUTO_INCREMENT,
  `acodec_name` varchar(30) DEFAULT NULL,
  `vcodec_name` varchar(30) DEFAULT NULL,
  `avg_frame_rate` varchar(20) DEFAULT NULL,
  PRIMARY KEY (`id`)
) ENGINE=MyISAM  DEFAULT CHARSET=utf8 AUTO_INCREMENT=80 ;

--
-- 转存表中的数据 `qiq_video_attributes`
--

INSERT INTO `qiq_video_attributes` (`videoid`, `channels`, `abit_rate`, `width`, `height`, `vbit_rate`, `duration`, `size`, `id`, `acodec_name`, `vcodec_name`, `avg_frame_rate`) VALUES
(23, 2, 53, 1280, 800, 226, '482', '16.24MB', 42, 'aac', 'h264', '15/1'),
(24, 2, 53, 1280, 800, 226, '482', '16.24MB', 43, 'aac', 'h264', '15/1'),
(25, 2, 53, 1280, 800, 226, '482', '16.24MB', 44, 'aac', 'h264', '15/1'),
(26, 2, 53, 1280, 800, 226, '482', '16.24MB', 45, 'aac', 'h264', '15/1'),
(27, 2, 53, 1280, 800, 226, '482', '16.24MB', 46, 'aac', 'h264', '15/1'),
(28, 2, 54, 800, 600, 193, '1066', '31.86MB', 47, 'aac', 'h264', '15/1'),
(29, 2, 54, 800, 600, 193, '1066', '31.86MB', 48, 'aac', 'h264', '15/1'),
(30, 2, 53, 1280, 800, 226, '482', '16.24MB', 49, 'aac', 'h264', '15/1'),
(31, 2, 53, 1280, 800, 226, '482', '16.24MB', 50, 'aac', 'h264', '15/1'),
(32, 2, 128, 1280, 720, 1026, '271', '37.52MB', 51, 'aac', 'h264', '24000/1001'),
(35, 6, 75, 1280, 720, 2611, '208', '67.03MB', 52, 'aac', 'h264', '23/1'),
(34, 2, 128, 1280, 720, 1026, '271', '37.52MB', 53, 'aac', 'h264', '24000/1001'),
(36, 2, 128, 640, 480, 711, '317', '31.98MB', 54, 'aac', 'h264', '25/1'),
(37, 2, 128, 1280, 720, 3030, '243', '91.84MB', 55, 'aac', 'h264', '25/1'),
(38, 2, 124, 426, 240, 142, '320', '10.42MB', 56, 'aac', 'h264', '25/1'),
(39, 2, 124, 854, 480, 502, '320', '24.17MB', 57, 'aac', 'h264', '25/1'),
(40, 2, 132, 426, 240, 296, '263', '13.65MB', 58, 'aac', 'h264', '25/1'),
(41, 2, 132, 854, 480, 667, '263', '25.35MB', 59, 'aac', 'h264', '25/1'),
(1, 2, 132, 854, 480, 667, '263', '25.35MB', 60, 'aac', 'h264', '25/1'),
(2, 2, 128, 854, 480, 428, '242', '16.31MB', 61, 'aac', 'h264', '25/1'),
(3, 2, 127, 854, 480, 642, '255', '23.64MB', 62, 'aac', 'h264', '25/1'),
(4, 2, 127, 854, 480, 681, '724', '70.37MB', 63, 'aac', 'h264', '25/1'),
(5, 2, 128, 854, 480, 1196, '287', '45.56MB', 64, 'aac', 'h264', '24/1'),
(6, 2, 139, 854, 480, 495, '360', '27.59MB', 65, 'aac', 'h264', '25/1'),
(7, 2, 123, 854, 480, 679, '218', '21.02MB', 66, 'aac', 'h264', '24/1'),
(8, 2, 125, 854, 480, 723, '256', '26.18MB', 67, 'aac', 'h264', '24/1'),
(9, 2, 128, 854, 480, 719, '189', '19.27MB', 68, 'aac', 'h264', '25/1'),
(10, 2, 41, 1280, 720, 982, '2770', '339.63MB', 69, 'aac', 'h264', '30000/1001'),
(11, 2, 128, 854, 480, 698, '297', '29.54MB', 70, 'aac', 'h264', '24/1'),
(12, 2, 128, 854, 480, 721, '156', '15.99MB', 71, 'aac', 'h264', '24/1'),
(13, 2, 126, 854, 480, 911, '205', '25.66MB', 72, 'aac', 'h264', '25/1'),
(14, 2, 125, 1024, 576, 1037, '271', '37.77MB', 73, 'aac', 'h264', '24000/1001'),
(15, 2, 125, 1024, 576, 1037, '271', '37.77MB', 74, 'aac', 'h264', '24000/1001'),
(16, 2, 129, 854, 480, 541, '204', '16.46MB', 75, 'aac', 'h264', '25/1'),
(17, 2, 130, 854, 480, 1177, '162', '25.5MB', 76, 'aac', 'h264', '24/1'),
(18, 2, 132, 854, 480, 667, '263', '25.35MB', 77, 'aac', 'h264', '25/1'),
(19, 2, 125, 854, 480, 525, '246', '19.3MB', 78, 'aac', 'h264', '25/1'),
(20, 2, 141, 854, 480, 680, '481', '47.56MB', 79, 'aac', 'h264', '25/1');

-- --------------------------------------------------------

--
-- 表的结构 `qiq_video_block`
--

CREATE TABLE IF NOT EXISTS `qiq_video_block` (
  `id` int(11) NOT NULL AUTO_INCREMENT,
  `type` varchar(50) NOT NULL,
  `example` varchar(50) NOT NULL,
  PRIMARY KEY (`id`)
) ENGINE=MyISAM  DEFAULT CHARSET=utf8 AUTO_INCREMENT=11 ;

--
-- 转存表中的数据 `qiq_video_block`
--

INSERT INTO `qiq_video_block` (`id`, `type`, `example`) VALUES
(1, '情感', '我们相爱吧'),
(2, '搞笑', '欢乐喜剧人'),
(3, '真人秀', '奔跑吧,兄弟'),
(4, '游戏', '王牌对王牌'),
(5, '专访', '非你莫属'),
(6, '选秀', '最强大脑'),
(7, '时尚', '我的新衣'),
(10, '音乐', '');

/*!40101 SET CHARACTER_SET_CLIENT=@OLD_CHARACTER_SET_CLIENT */;
/*!40101 SET CHARACTER_SET_RESULTS=@OLD_CHARACTER_SET_RESULTS */;
/*!40101 SET COLLATION_CONNECTION=@OLD_COLLATION_CONNECTION */;
